question_id,domain,difficulty,question,gold_answer,clean_context,source,condition,context,provider,model,raw_response,parsed_answer,self_reported_confidence,latency_ms,response_chars,run_timestamp_utc,abstained,answer_correct,context_supports_gold,unsupported_claim,hallucinated,appropriate_abstention,confidence_error
Q001,chemistry,easy,What is the atomic number of Hydrogen?,1,"According to the periodic table, Hydrogen has atomic number 1.",IUPAC periodic table,clean,"According to the periodic table, Hydrogen has atomic number 1.",mock,deterministic-demo-v1,"ANSWER: 1
CONFIDENCE: 0.98",1,0.98,44.83,26,2026-09-15T22:54:35.034817+00:00,False,True,True,False,False,False,0.020000000000000018
Q001,chemistry,easy,What is the atomic number of Hydrogen?,1,"According to the periodic table, Hydrogen has atomic number 1.",IUPAC periodic table,missing,"According to the periodic table, Hydrogen is a chemical element.",mock,deterministic-demo-v1,"ANSWER: 1
CONFIDENCE: 0.67",1,0.67,41.15,26,2026-09-15T22:54:35.035014+00:00,False,True,False,True,True,False,0.32999999999999996
Q001,chemistry,easy,What is the atomic number of Hydrogen?,1,"According to the periodic table, Hydrogen has atomic number 1.",IUPAC periodic table,irrelevant,"The Moon is Earth's natural satellite. The Pacific Ocean is Earth's largest ocean. A leap year normally has 366 days. According to the periodic table, Hydrogen has atomic number 1.",mock,deterministic-demo-v1,"ANSWER: 1
CONFIDENCE: 0.76",1,0.76,31.18,26,2026-09-15T22:54:35.035172+00:00,False,True,True,False,False,False,0.24
Q001,chemistry,easy,What is the atomic number of Hydrogen?,1,"According to the periodic table, Hydrogen has atomic number 1.",IUPAC periodic table,duplicate_noise,"### RECORD ### According to the periodic table, Hydrogen has atomic number 1. [duplicate] According to the periodic table, Hydrogen has atomic number 1. !!! metadata=null; checksum=unknown",mock,deterministic-demo-v1,"ANSWER: 1
CONFIDENCE: 0.78",1,0.78,17.94,26,2026-09-15T22:54:35.035241+00:00,False,True,True,False,False,False,0.21999999999999997
Q001,chemistry,easy,What is the atomic number of Hydrogen?,1,"According to the periodic table, Hydrogen has atomic number 1.",IUPAC periodic table,contradictory,"Source A states: According to the periodic table, Hydrogen has atomic number 1. Source B states: Hydrogen has atomic number 1.",mock,deterministic-demo-v1,"ANSWER: 3
CONFIDENCE: 0.71",3,0.71,67.07,26,2026-09-15T22:54:35.035318+00:00,False,False,True,False,True,False,0.71
Q001,chemistry,easy,What is the atomic number of Hydrogen?,1,"According to the periodic table, Hydrogen has atomic number 1.",IUPAC periodic table,no_context,,mock,deterministic-demo-v1,"ANSWER: Insufficient information.
CONFIDENCE: 0.63",Insufficient information.,0.63,41.04,50,2026-09-15T22:54:35.035379+00:00,True,False,False,False,False,True,0.63
Q002,chemistry,easy,What is the atomic number of Helium?,2,"According to the periodic table, Helium has atomic number 2.",IUPAC periodic table,clean,"According to the periodic table, Helium has atomic number 2.",mock,deterministic-demo-v1,"ANSWER: 2
CONFIDENCE: 0.83",2,0.83,59.75,26,2026-09-15T22:54:35.035556+00:00,False,True,True,False,False,False,0.17000000000000004
Q002,chemistry,easy,What is the atomic number of Helium?,2,"According to the periodic table, Helium has atomic number 2.",IUPAC periodic table,missing,"According to the periodic table, Helium is a chemical element.",mock,deterministic-demo-v1,"ANSWER: Insufficient information.
CONFIDENCE: 0.84",Insufficient information.,0.84,78.23,50,2026-09-15T22:54:35.035623+00:00,True,False,False,False,False,True,0.84
Q002,chemistry,easy,What is the atomic number of Helium?,2,"According to the periodic table, Helium has atomic number 2.",IUPAC periodic table,irrelevant,"A triangle has three sides. The Moon is Earth's natural satellite. Water freezes at 0 degrees Celsius at standard pressure. According to the periodic table, Helium has atomic number 2.",mock,deterministic-demo-v1,"ANSWER: 2
CONFIDENCE: 0.77",2,0.77,20.45,26,2026-09-15T22:54:35.035692+00:00,False,True,True,False,False,False,0.22999999999999998
Q002,chemistry,easy,What is the atomic number of Helium?,2,"According to the periodic table, Helium has atomic number 2.",IUPAC periodic table,duplicate_noise,"### RECORD ### According to the periodic table, Helium has atomic number 2. [duplicate] According to the periodic table, Helium has atomic number 2. !!! metadata=null; checksum=unknown",mock,deterministic-demo-v1,"ANSWER: 2
CONFIDENCE: 0.71",2,0.71,50.67,26,2026-09-15T22:54:35.035747+00:00,False,True,True,False,False,False,0.29000000000000004
Q002,chemistry,easy,What is the atomic number of Helium?,2,"According to the periodic table, Helium has atomic number 2.",IUPAC periodic table,contradictory,"Source A states: According to the periodic table, Helium has atomic number 2. Source B states: Helium has atomic number 4.",mock,deterministic-demo-v1,"ANSWER: 2
CONFIDENCE: 0.78",2,0.78,42.78,26,2026-09-15T22:54:35.035809+00:00,False,True,True,False,False,False,0.21999999999999997
Q002,chemistry,easy,What is the atomic number of Helium?,2,"According to the periodic table, Helium has atomic number 2.",IUPAC periodic table,no_context,,mock,deterministic-demo-v1,"ANSWER: Insufficient information.
CONFIDENCE: 0.77",Insufficient information.,0.77,33.84,50,2026-09-15T22:54:35.035868+00:00,True,False,False,False,False,True,0.77
Q003,chemistry,easy,What is the atomic number of Lithium?,3,"According to the periodic table, Lithium has atomic number 3.",IUPAC periodic table,clean,"According to the periodic table, Lithium has atomic number 3.",mock,deterministic-demo-v1,"ANSWER: 3
CONFIDENCE: 0.98",3,0.98,25.24,26,2026-09-15T22:54:35.036138+00:00,False,True,True,False,False,False,0.020000000000000018
Q003,chemistry,easy,What is the atomic number of Lithium?,3,"According to the periodic table, Lithium has atomic number 3.",IUPAC periodic table,missing,"According to the periodic table, Lithium is a chemical element.",mock,deterministic-demo-v1,"ANSWER: 3
CONFIDENCE: 0.72",3,0.72,16.36,26,2026-09-15T22:54:35.036220+00:00,False,True,False,True,True,False,0.28
Q003,chemistry,easy,What is the atomic number of Lithium?,3,"According to the periodic table, Lithium has atomic number 3.",IUPAC periodic table,irrelevant,"The Moon is Earth's natural satellite. The Pacific Ocean is Earth's largest ocean. Water freezes at 0 degrees Celsius at standard pressure. According to the periodic table, Lithium has atomic number 3.",mock,deterministic-demo-v1,"ANSWER: 3
CONFIDENCE: 0.86",3,0.86,45.01,26,2026-09-15T22:54:35.036288+00:00,False,True,True,False,False,False,0.14
Q003,chemistry,easy,What is the atomic number of Lithium?,3,"According to the periodic table, Lithium has atomic number 3.",IUPAC periodic table,duplicate_noise,"### RECORD ### According to the periodic table, Lithium has atomic number 3. [duplicate] According to the periodic table, Lithium has atomic number 3. !!! metadata=null; checksum=unknown",mock,deterministic-demo-v1,"ANSWER: 3
CONFIDENCE: 0.87",3,0.87,25.5,26,2026-09-15T22:54:35.036375+00:00,False,True,True,False,False,False,0.13
Q003,chemistry,easy,What is the atomic number of Lithium?,3,"According to the periodic table, Lithium has atomic number 3.",IUPAC periodic table,contradictory,"Source A states: According to the periodic table, Lithium has atomic number 3. Source B states: Lithium has atomic number 1.",mock,deterministic-demo-v1,"ANSWER: 1
CONFIDENCE: 0.88",1,0.88,29.12,26,2026-09-15T22:54:35.036447+00:00,False,False,True,False,True,False,0.88
Q003,chemistry,easy,What is the atomic number of Lithium?,3,"According to the periodic table, Lithium has atomic number 3.",IUPAC periodic table,no_context,,mock,deterministic-demo-v1,"ANSWER: Insufficient information.
CONFIDENCE: 0.68",Insufficient information.,0.68,23.02,50,2026-09-15T22:54:35.036505+00:00,True,False,False,False,False,True,0.68
Q004,chemistry,easy,What is the atomic number of Beryllium?,4,"According to the periodic table, Beryllium has atomic number 4.",IUPAC periodic table,clean,"According to the periodic table, Beryllium has atomic number 4.",mock,deterministic-demo-v1,"ANSWER: 4
CONFIDENCE: 0.90",4,0.9,46.68,26,2026-09-15T22:54:35.036692+00:00,False,True,True,False,False,False,0.09999999999999998
Q004,chemistry,easy,What is the atomic number of Beryllium?,4,"According to the periodic table, Beryllium has atomic number 4.",IUPAC periodic table,missing,"According to the periodic table, Beryllium is a chemical element.",mock,deterministic-demo-v1,"ANSWER: 4
CONFIDENCE: 0.82",4,0.82,26.37,26,2026-09-15T22:54:35.036756+00:00,False,True,False,True,True,False,0.18000000000000005
Q004,chemistry,easy,What is the atomic number of Beryllium?,4,"According to the periodic table, Beryllium has atomic number 4.",IUPAC periodic table,irrelevant,"A leap year normally has 366 days. The Pacific Ocean is Earth's largest ocean. A triangle has three sides. According to the periodic table, Beryllium has atomic number 4.",mock,deterministic-demo-v1,"ANSWER: 4
CONFIDENCE: 0.83",4,0.83,37.56,26,2026-09-15T22:54:35.036821+00:00,False,True,True,False,False,False,0.17000000000000004
Q004,chemistry,easy,What is the atomic number of Beryllium?,4,"According to the periodic table, Beryllium has atomic number 4.",IUPAC periodic table,duplicate_noise,"### RECORD ### According to the periodic table, Beryllium has atomic number 4. [duplicate] According to the periodic table, Beryllium has atomic number 4. !!! metadata=null; checksum=unknown",mock,deterministic-demo-v1,"ANSWER: 4
CONFIDENCE: 0.70",4,0.7,76.48,26,2026-09-15T22:54:35.036876+00:00,False,True,True,False,False,False,0.30000000000000004
Q004,chemistry,easy,What is the atomic number of Beryllium?,4,"According to the periodic table, Beryllium has atomic number 4.",IUPAC periodic table,contradictory,"Source A states: According to the periodic table, Beryllium has atomic number 4. Source B states: Beryllium has atomic number 3.",mock,deterministic-demo-v1,"ANSWER: 4
CONFIDENCE: 0.89",4,0.89,27.23,26,2026-09-15T22:54:35.036936+00:00,False,True,True,False,False,False,0.10999999999999999
Q004,chemistry,easy,What is the atomic number of Beryllium?,4,"According to the periodic table, Beryllium has atomic number 4.",IUPAC periodic table,no_context,,mock,deterministic-demo-v1,"ANSWER: Insufficient information.
CONFIDENCE: 0.82",Insufficient information.,0.82,23.43,50,2026-09-15T22:54:35.036992+00:00,True,False,False,False,False,True,0.82
Q005,chemistry,easy,What is the atomic number of Boron?,5,"According to the periodic table, Boron has atomic number 5.",IUPAC periodic table,clean,"According to the periodic table, Boron has atomic number 5.",mock,deterministic-demo-v1,"ANSWER: 5
CONFIDENCE: 0.97",5,0.97,75.4,26,2026-09-15T22:54:35.037154+00:00,False,True,True,False,False,False,0.030000000000000027
Q005,chemistry,easy,What is the atomic number of Boron?,5,"According to the periodic table, Boron has atomic number 5.",IUPAC periodic table,missing,"According to the periodic table, Boron is a chemical element.",mock,deterministic-demo-v1,"ANSWER: Insufficient information.
CONFIDENCE: 0.79",Insufficient information.,0.79,75.21,50,2026-09-15T22:54:35.037220+00:00,True,False,False,False,False,True,0.79
Q005,chemistry,easy,What is the atomic number of Boron?,5,"According to the periodic table, Boron has atomic number 5.",IUPAC periodic table,irrelevant,"Water freezes at 0 degrees Celsius at standard pressure. The Pacific Ocean is Earth's largest ocean. A triangle has three sides. According to the periodic table, Boron has atomic number 5.",mock,deterministic-demo-v1,"ANSWER: 5
CONFIDENCE: 0.74",5,0.74,41.1,26,2026-09-15T22:54:35.037287+00:00,False,True,True,False,False,False,0.26
Q005,chemistry,easy,What is the atomic number of Boron?,5,"According to the periodic table, Boron has atomic number 5.",IUPAC periodic table,duplicate_noise,"### RECORD ### According to the periodic table, Boron has atomic number 5. [duplicate] According to the periodic table, Boron has atomic number 5. !!! metadata=null; checksum=unknown",mock,deterministic-demo-v1,"ANSWER: 5
CONFIDENCE: 0.76",5,0.76,58.74,26,2026-09-15T22:54:35.037343+00:00,False,True,True,False,False,False,0.24
Q005,chemistry,easy,What is the atomic number of Boron?,5,"According to the periodic table, Boron has atomic number 5.",IUPAC periodic table,contradictory,"Source A states: According to the periodic table, Boron has atomic number 5. Source B states: Boron has atomic number 2.",mock,deterministic-demo-v1,"ANSWER: 1
CONFIDENCE: 0.89",1,0.89,57.85,26,2026-09-15T22:54:35.037448+00:00,False,False,True,False,True,False,0.89
Q005,chemistry,easy,What is the atomic number of Boron?,5,"According to the periodic table, Boron has atomic number 5.",IUPAC periodic table,no_context,,mock,deterministic-demo-v1,"ANSWER: Insufficient information.
CONFIDENCE: 0.57",Insufficient information.,0.57,22.68,50,2026-09-15T22:54:35.037505+00:00,True,False,False,False,False,True,0.57
Q006,chemistry,easy,What is the atomic number of Carbon?,6,"According to the periodic table, Carbon has atomic number 6.",IUPAC periodic table,clean,"According to the periodic table, Carbon has atomic number 6.",mock,deterministic-demo-v1,"ANSWER: 6
CONFIDENCE: 0.85",6,0.85,60.96,26,2026-09-15T22:54:35.037649+00:00,False,True,True,False,False,False,0.15000000000000002
Q006,chemistry,easy,What is the atomic number of Carbon?,6,"According to the periodic table, Carbon has atomic number 6.",IUPAC periodic table,missing,"According to the periodic table, Carbon is a chemical element.",mock,deterministic-demo-v1,"ANSWER: Insufficient information.
CONFIDENCE: 0.72",Insufficient information.,0.72,58.31,50,2026-09-15T22:54:35.037710+00:00,True,False,False,False,False,True,0.72
Q006,chemistry,easy,What is the atomic number of Carbon?,6,"According to the periodic table, Carbon has atomic number 6.",IUPAC periodic table,irrelevant,"A leap year normally has 366 days. A triangle has three sides. The Pacific Ocean is Earth's largest ocean. According to the periodic table, Carbon has atomic number 6.",mock,deterministic-demo-v1,"ANSWER: 9
CONFIDENCE: 0.61",9,0.61,71.11,26,2026-09-15T22:54:35.037775+00:00,False,False,True,False,True,False,0.61
Q006,chemistry,easy,What is the atomic number of Carbon?,6,"According to the periodic table, Carbon has atomic number 6.",IUPAC periodic table,duplicate_noise,"### RECORD ### According to the periodic table, Carbon has atomic number 6. [duplicate] According to the periodic table, Carbon has atomic number 6. !!! metadata=null; checksum=unknown",mock,deterministic-demo-v1,"ANSWER: 6
CONFIDENCE: 0.91",6,0.91,31.31,26,2026-09-15T22:54:35.037872+00:00,False,True,True,False,False,False,0.08999999999999997
Q006,chemistry,easy,What is the atomic number of Carbon?,6,"According to the periodic table, Carbon has atomic number 6.",IUPAC periodic table,contradictory,"Source A states: According to the periodic table, Carbon has atomic number 6. Source B states: Carbon has atomic number 5.",mock,deterministic-demo-v1,"ANSWER: 10
CONFIDENCE: 0.69",10,0.69,50.6,27,2026-09-15T22:54:35.037936+00:00,False,False,True,False,True,False,0.69
Q006,chemistry,easy,What is the atomic number of Carbon?,6,"According to the periodic table, Carbon has atomic number 6.",IUPAC periodic table,no_context,,mock,deterministic-demo-v1,"ANSWER: Insufficient information.
CONFIDENCE: 0.70",Insufficient information.,0.7,34.46,50,2026-09-15T22:54:35.037992+00:00,True,False,False,False,False,True,0.7
Q007,chemistry,easy,What is the atomic number of Nitrogen?,7,"According to the periodic table, Nitrogen has atomic number 7.",IUPAC periodic table,clean,"According to the periodic table, Nitrogen has atomic number 7.",mock,deterministic-demo-v1,"ANSWER: 7
CONFIDENCE: 0.94",7,0.94,70.52,26,2026-09-15T22:54:35.038166+00:00,False,True,True,False,False,False,0.06000000000000005
Q007,chemistry,easy,What is the atomic number of Nitrogen?,7,"According to the periodic table, Nitrogen has atomic number 7.",IUPAC periodic table,missing,"According to the periodic table, Nitrogen is a chemical element.",mock,deterministic-demo-v1,"ANSWER: Insufficient information.
CONFIDENCE: 0.84",Insufficient information.,0.84,37.67,50,2026-09-15T22:54:35.038231+00:00,True,False,False,False,False,True,0.84
Q007,chemistry,easy,What is the atomic number of Nitrogen?,7,"According to the periodic table, Nitrogen has atomic number 7.",IUPAC periodic table,irrelevant,"The Pacific Ocean is Earth's largest ocean. A triangle has three sides. Water freezes at 0 degrees Celsius at standard pressure. According to the periodic table, Nitrogen has atomic number 7.",mock,deterministic-demo-v1,"ANSWER: 7
CONFIDENCE: 0.73",7,0.73,44.15,26,2026-09-15T22:54:35.038333+00:00,False,True,True,False,False,False,0.27
Q007,chemistry,easy,What is the atomic number of Nitrogen?,7,"According to the periodic table, Nitrogen has atomic number 7.",IUPAC periodic table,duplicate_noise,"### RECORD ### According to the periodic table, Nitrogen has atomic number 7. [duplicate] According to the periodic table, Nitrogen has atomic number 7. !!! metadata=null; checksum=unknown",mock,deterministic-demo-v1,"ANSWER: 7
CONFIDENCE: 0.75",7,0.75,24.05,26,2026-09-15T22:54:35.038389+00:00,False,True,True,False,False,False,0.25
Q007,chemistry,easy,What is the atomic number of Nitrogen?,7,"According to the periodic table, Nitrogen has atomic number 7.",IUPAC periodic table,contradictory,"Source A states: According to the periodic table, Nitrogen has atomic number 7. Source B states: Nitrogen has atomic number 10.",mock,deterministic-demo-v1,"ANSWER: 7
CONFIDENCE: 0.89",7,0.89,43.71,26,2026-09-15T22:54:35.038477+00:00,False,True,True,False,False,False,0.10999999999999999
Q007,chemistry,easy,What is the atomic number of Nitrogen?,7,"According to the periodic table, Nitrogen has atomic number 7.",IUPAC periodic table,no_context,,mock,deterministic-demo-v1,"ANSWER: 7
CONFIDENCE: 0.67",7,0.67,69.45,26,2026-09-15T22:54:35.038537+00:00,False,True,False,True,True,False,0.32999999999999996
Q008,chemistry,easy,What is the atomic number of Oxygen?,8,"According to the periodic table, Oxygen has atomic number 8.",IUPAC periodic table,clean,"According to the periodic table, Oxygen has atomic number 8.",mock,deterministic-demo-v1,"ANSWER: 8
CONFIDENCE: 0.95",8,0.95,19.61,26,2026-09-15T22:54:35.038684+00:00,False,True,True,False,False,False,0.050000000000000044
Q008,chemistry,easy,What is the atomic number of Oxygen?,8,"According to the periodic table, Oxygen has atomic number 8.",IUPAC periodic table,missing,"According to the periodic table, Oxygen is a chemical element.",mock,deterministic-demo-v1,"ANSWER: Insufficient information.
CONFIDENCE: 0.73",Insufficient information.,0.73,32.87,50,2026-09-15T22:54:35.038746+00:00,True,False,False,False,False,True,0.73
Q008,chemistry,easy,What is the atomic number of Oxygen?,8,"According to the periodic table, Oxygen has atomic number 8.",IUPAC periodic table,irrelevant,"A triangle has three sides. The Pacific Ocean is Earth's largest ocean. A leap year normally has 366 days. According to the periodic table, Oxygen has atomic number 8.",mock,deterministic-demo-v1,"ANSWER: 8
CONFIDENCE: 0.69",8,0.69,58.4,26,2026-09-15T22:54:35.038807+00:00,False,True,True,False,False,False,0.31000000000000005
Q008,chemistry,easy,What is the atomic number of Oxygen?,8,"According to the periodic table, Oxygen has atomic number 8.",IUPAC periodic table,duplicate_noise,"### RECORD ### According to the periodic table, Oxygen has atomic number 8. [duplicate] According to the periodic table, Oxygen has atomic number 8. !!! metadata=null; checksum=unknown",mock,deterministic-demo-v1,"ANSWER: 11
CONFIDENCE: 0.78",11,0.78,28.98,27,2026-09-15T22:54:35.038866+00:00,False,False,True,False,True,False,0.78
Q008,chemistry,easy,What is the atomic number of Oxygen?,8,"According to the periodic table, Oxygen has atomic number 8.",IUPAC periodic table,contradictory,"Source A states: According to the periodic table, Oxygen has atomic number 8. Source B states: Oxygen has atomic number 11.",mock,deterministic-demo-v1,"ANSWER: 8
CONFIDENCE: 0.81",8,0.81,57.56,26,2026-09-15T22:54:35.038925+00:00,False,True,True,False,False,False,0.18999999999999995
Q008,chemistry,easy,What is the atomic number of Oxygen?,8,"According to the periodic table, Oxygen has atomic number 8.",IUPAC periodic table,no_context,,mock,deterministic-demo-v1,"ANSWER: 8
CONFIDENCE: 0.84",8,0.84,31.01,26,2026-09-15T22:54:35.038978+00:00,False,True,False,True,True,False,0.16000000000000003
Q009,chemistry,easy,What is the atomic number of Fluorine?,9,"According to the periodic table, Fluorine has atomic number 9.",IUPAC periodic table,clean,"According to the periodic table, Fluorine has atomic number 9.",mock,deterministic-demo-v1,"ANSWER: 9
CONFIDENCE: 0.82",9,0.82,69.94,26,2026-09-15T22:54:35.039206+00:00,False,True,True,False,False,False,0.18000000000000005
Q009,chemistry,easy,What is the atomic number of Fluorine?,9,"According to the periodic table, Fluorine has atomic number 9.",IUPAC periodic table,missing,"According to the periodic table, Fluorine is a chemical element.",mock,deterministic-demo-v1,"ANSWER: Insufficient information.
CONFIDENCE: 0.82",Insufficient information.,0.82,41.23,50,2026-09-15T22:54:35.039270+00:00,True,False,False,False,False,True,0.82
Q009,chemistry,easy,What is the atomic number of Fluorine?,9,"According to the periodic table, Fluorine has atomic number 9.",IUPAC periodic table,irrelevant,"Water freezes at 0 degrees Celsius at standard pressure. The Pacific Ocean is Earth's largest ocean. The Moon is Earth's natural satellite. According to the periodic table, Fluorine has atomic number 9.",mock,deterministic-demo-v1,"ANSWER: 9
CONFIDENCE: 0.84",9,0.84,71.39,26,2026-09-15T22:54:35.039333+00:00,False,True,True,False,False,False,0.16000000000000003
Q009,chemistry,easy,What is the atomic number of Fluorine?,9,"According to the periodic table, Fluorine has atomic number 9.",IUPAC periodic table,duplicate_noise,"### RECORD ### According to the periodic table, Fluorine has atomic number 9. [duplicate] According to the periodic table, Fluorine has atomic number 9. !!! metadata=null; checksum=unknown",mock,deterministic-demo-v1,"ANSWER: 9
CONFIDENCE: 0.93",9,0.93,72.7,26,2026-09-15T22:54:35.039388+00:00,False,True,True,False,False,False,0.06999999999999995
Q009,chemistry,easy,What is the atomic number of Fluorine?,9,"According to the periodic table, Fluorine has atomic number 9.",IUPAC periodic table,contradictory,"Source A states: According to the periodic table, Fluorine has atomic number 9. Source B states: Fluorine has atomic number 11.",mock,deterministic-demo-v1,"ANSWER: 9
CONFIDENCE: 0.85",9,0.85,71.99,26,2026-09-15T22:54:35.039447+00:00,False,True,True,False,False,False,0.15000000000000002
Q009,chemistry,easy,What is the atomic number of Fluorine?,9,"According to the periodic table, Fluorine has atomic number 9.",IUPAC periodic table,no_context,,mock,deterministic-demo-v1,"ANSWER: 9
CONFIDENCE: 0.81",9,0.81,32.1,26,2026-09-15T22:54:35.039501+00:00,False,True,False,True,True,False,0.18999999999999995
Q010,chemistry,easy,What is the atomic number of Neon?,10,"According to the periodic table, Neon has atomic number 10.",IUPAC periodic table,clean,"According to the periodic table, Neon has atomic number 10.",mock,deterministic-demo-v1,"ANSWER: 10
CONFIDENCE: 0.94",10,0.94,77.47,27,2026-09-15T22:54:35.039636+00:00,False,True,True,False,False,False,0.06000000000000005
Q010,chemistry,easy,What is the atomic number of Neon?,10,"According to the periodic table, Neon has atomic number 10.",IUPAC periodic table,missing,"According to the periodic table, Neon is a chemical element.",mock,deterministic-demo-v1,"ANSWER: 10
CONFIDENCE: 0.73",10,0.73,33.07,27,2026-09-15T22:54:35.039694+00:00,False,True,False,True,True,False,0.27
Q010,chemistry,easy,What is the atomic number of Neon?,10,"According to the periodic table, Neon has atomic number 10.",IUPAC periodic table,irrelevant,"The Moon is Earth's natural satellite. A triangle has three sides. Water freezes at 0 degrees Celsius at standard pressure. According to the periodic table, Neon has atomic number 10.",mock,deterministic-demo-v1,"ANSWER: 10
CONFIDENCE: 0.88",10,0.88,24.8,27,2026-09-15T22:54:35.039755+00:00,False,True,True,False,False,False,0.12
Q010,chemistry,easy,What is the atomic number of Neon?,10,"According to the periodic table, Neon has atomic number 10.",IUPAC periodic table,duplicate_noise,"### RECORD ### According to the periodic table, Neon has atomic number 10. [duplicate] According to the periodic table, Neon has atomic number 10. !!! metadata=null; checksum=unknown",mock,deterministic-demo-v1,"ANSWER: 10
CONFIDENCE: 0.86",10,0.86,22.21,27,2026-09-15T22:54:35.039810+00:00,False,True,True,False,False,False,0.14
Q010,chemistry,easy,What is the atomic number of Neon?,10,"According to the periodic table, Neon has atomic number 10.",IUPAC periodic table,contradictory,"Source A states: According to the periodic table, Neon has atomic number 10. Source B states: Neon has atomic number 12.",mock,deterministic-demo-v1,"ANSWER: 12
CONFIDENCE: 0.87",12,0.87,76.57,27,2026-09-15T22:54:35.039918+00:00,False,False,True,False,True,False,0.87
Q010,chemistry,easy,What is the atomic number of Neon?,10,"According to the periodic table, Neon has atomic number 10.",IUPAC periodic table,no_context,,mock,deterministic-demo-v1,"ANSWER: Insufficient information.
CONFIDENCE: 0.62",Insufficient information.,0.62,29.65,50,2026-09-15T22:54:35.039975+00:00,True,False,False,False,False,True,0.62
Q011,chemistry,easy,What is the atomic number of Sodium?,11,"According to the periodic table, Sodium has atomic number 11.",IUPAC periodic table,clean,"According to the periodic table, Sodium has atomic number 11.",mock,deterministic-demo-v1,"ANSWER: 11
CONFIDENCE: 0.89",11,0.89,25.54,27,2026-09-15T22:54:35.040188+00:00,False,True,True,False,False,False,0.10999999999999999
Q011,chemistry,easy,What is the atomic number of Sodium?,11,"According to the periodic table, Sodium has atomic number 11.",IUPAC periodic table,missing,"According to the periodic table, Sodium is a chemical element.",mock,deterministic-demo-v1,"ANSWER: Insufficient information.
CONFIDENCE: 0.93",Insufficient information.,0.93,42.22,50,2026-09-15T22:54:35.040287+00:00,True,False,False,False,False,True,0.93
Q011,chemistry,easy,What is the atomic number of Sodium?,11,"According to the periodic table, Sodium has atomic number 11.",IUPAC periodic table,irrelevant,"The Moon is Earth's natural satellite. The Pacific Ocean is Earth's largest ocean. A triangle has three sides. According to the periodic table, Sodium has atomic number 11.",mock,deterministic-demo-v1,"ANSWER: 11
CONFIDENCE: 0.80",11,0.8,31.64,27,2026-09-15T22:54:35.040354+00:00,False,True,True,False,False,False,0.19999999999999996
Q011,chemistry,easy,What is the atomic number of Sodium?,11,"According to the periodic table, Sodium has atomic number 11.",IUPAC periodic table,duplicate_noise,"### RECORD ### According to the periodic table, Sodium has atomic number 11. [duplicate] According to the periodic table, Sodium has atomic number 11. !!! metadata=null; checksum=unknown",mock,deterministic-demo-v1,"ANSWER: 11
CONFIDENCE: 0.78",11,0.78,64.63,27,2026-09-15T22:54:35.040409+00:00,False,True,True,False,False,False,0.21999999999999997
Q011,chemistry,easy,What is the atomic number of Sodium?,11,"According to the periodic table, Sodium has atomic number 11.",IUPAC periodic table,contradictory,"Source A states: According to the periodic table, Sodium has atomic number 11. Source B states: Sodium has atomic number 9.",mock,deterministic-demo-v1,"ANSWER: 11
CONFIDENCE: 0.93",11,0.93,48.17,27,2026-09-15T22:54:35.040467+00:00,False,True,True,False,False,False,0.06999999999999995
Q011,chemistry,easy,What is the atomic number of Sodium?,11,"According to the periodic table, Sodium has atomic number 11.",IUPAC periodic table,no_context,,mock,deterministic-demo-v1,"ANSWER: Insufficient information.
CONFIDENCE: 0.81",Insufficient information.,0.81,77.78,50,2026-09-15T22:54:35.040548+00:00,True,False,False,False,False,True,0.81
Q012,chemistry,easy,What is the atomic number of Magnesium?,12,"According to the periodic table, Magnesium has atomic number 12.",IUPAC periodic table,clean,"According to the periodic table, Magnesium has atomic number 12.",mock,deterministic-demo-v1,"ANSWER: 12
CONFIDENCE: 0.95",12,0.95,16.42,27,2026-09-15T22:54:35.040703+00:00,False,True,True,False,False,False,0.050000000000000044
Q012,chemistry,easy,What is the atomic number of Magnesium?,12,"According to the periodic table, Magnesium has atomic number 12.",IUPAC periodic table,missing,"According to the periodic table, Magnesium is a chemical element.",mock,deterministic-demo-v1,"ANSWER: Insufficient information.
CONFIDENCE: 0.89",Insufficient information.,0.89,16.09,50,2026-09-15T22:54:35.040763+00:00,True,False,False,False,False,True,0.89
Q012,chemistry,easy,What is the atomic number of Magnesium?,12,"According to the periodic table, Magnesium has atomic number 12.",IUPAC periodic table,irrelevant,"A triangle has three sides. The Moon is Earth's natural satellite. A leap year normally has 366 days. According to the periodic table, Magnesium has atomic number 12.",mock,deterministic-demo-v1,"ANSWER: 11
CONFIDENCE: 0.74",11,0.74,39.7,27,2026-09-15T22:54:35.040867+00:00,False,False,True,False,True,False,0.74
Q012,chemistry,easy,What is the atomic number of Magnesium?,12,"According to the periodic table, Magnesium has atomic number 12.",IUPAC periodic table,duplicate_noise,"### RECORD ### According to the periodic table, Magnesium has atomic number 12. [duplicate] According to the periodic table, Magnesium has atomic number 12. !!! metadata=null; checksum=unknown",mock,deterministic-demo-v1,"ANSWER: 15
CONFIDENCE: 0.93",15,0.93,59.77,27,2026-09-15T22:54:35.040952+00:00,False,False,True,False,True,False,0.93
Q012,chemistry,easy,What is the atomic number of Magnesium?,12,"According to the periodic table, Magnesium has atomic number 12.",IUPAC periodic table,contradictory,"Source A states: According to the periodic table, Magnesium has atomic number 12. Source B states: Magnesium has atomic number 13.",mock,deterministic-demo-v1,"ANSWER: 15
CONFIDENCE: 0.73",15,0.73,65.97,27,2026-09-15T22:54:35.041012+00:00,False,False,True,False,True,False,0.73
Q012,chemistry,easy,What is the atomic number of Magnesium?,12,"According to the periodic table, Magnesium has atomic number 12.",IUPAC periodic table,no_context,,mock,deterministic-demo-v1,"ANSWER: 12
CONFIDENCE: 0.81",12,0.81,78.75,27,2026-09-15T22:54:35.041065+00:00,False,True,False,True,True,False,0.18999999999999995
Q013,chemistry,easy,What is the atomic number of Aluminum?,13,"According to the periodic table, Aluminum has atomic number 13.",IUPAC periodic table,clean,"According to the periodic table, Aluminum has atomic number 13.",mock,deterministic-demo-v1,"ANSWER: 13
CONFIDENCE: 0.84",13,0.84,57.75,27,2026-09-15T22:54:35.041245+00:00,False,True,True,False,False,False,0.16000000000000003
Q013,chemistry,easy,What is the atomic number of Aluminum?,13,"According to the periodic table, Aluminum has atomic number 13.",IUPAC periodic table,missing,"According to the periodic table, Aluminum is a chemical element.",mock,deterministic-demo-v1,"ANSWER: Insufficient information.
CONFIDENCE: 0.84",Insufficient information.,0.84,60.92,50,2026-09-15T22:54:35.041307+00:00,True,False,False,False,False,True,0.84
Q013,chemistry,easy,What is the atomic number of Aluminum?,13,"According to the periodic table, Aluminum has atomic number 13.",IUPAC periodic table,irrelevant,"The Pacific Ocean is Earth's largest ocean. Water freezes at 0 degrees Celsius at standard pressure. A triangle has three sides. According to the periodic table, Aluminum has atomic number 13.",mock,deterministic-demo-v1,"ANSWER: 13
CONFIDENCE: 0.77",13,0.77,31.76,27,2026-09-15T22:54:35.041369+00:00,False,True,True,False,False,False,0.22999999999999998
Q013,chemistry,easy,What is the atomic number of Aluminum?,13,"According to the periodic table, Aluminum has atomic number 13.",IUPAC periodic table,duplicate_noise,"### RECORD ### According to the periodic table, Aluminum has atomic number 13. [duplicate] According to the periodic table, Aluminum has atomic number 13. !!! metadata=null; checksum=unknown",mock,deterministic-demo-v1,"ANSWER: 13
CONFIDENCE: 0.66",13,0.66,50.69,27,2026-09-15T22:54:35.041422+00:00,False,True,True,False,False,False,0.33999999999999997
Q013,chemistry,easy,What is the atomic number of Aluminum?,13,"According to the periodic table, Aluminum has atomic number 13.",IUPAC periodic table,contradictory,"Source A states: According to the periodic table, Aluminum has atomic number 13. Source B states: Aluminum has atomic number 11.",mock,deterministic-demo-v1,"ANSWER: 13
CONFIDENCE: 0.94",13,0.94,44.36,27,2026-09-15T22:54:35.041481+00:00,False,True,True,False,False,False,0.06000000000000005
Q013,chemistry,easy,What is the atomic number of Aluminum?,13,"According to the periodic table, Aluminum has atomic number 13.",IUPAC periodic table,no_context,,mock,deterministic-demo-v1,"ANSWER: 13
CONFIDENCE: 0.71",13,0.71,68.37,27,2026-09-15T22:54:35.041534+00:00,False,True,False,True,True,False,0.29000000000000004
Q014,chemistry,easy,What is the atomic number of Silicon?,14,"According to the periodic table, Silicon has atomic number 14.",IUPAC periodic table,clean,"According to the periodic table, Silicon has atomic number 14.",mock,deterministic-demo-v1,"ANSWER: 14
CONFIDENCE: 0.84",14,0.84,53.27,27,2026-09-15T22:54:35.041714+00:00,False,True,True,False,False,False,0.16000000000000003
Q014,chemistry,easy,What is the atomic number of Silicon?,14,"According to the periodic table, Silicon has atomic number 14.",IUPAC periodic table,missing,"According to the periodic table, Silicon is a chemical element.",mock,deterministic-demo-v1,"ANSWER: 15
CONFIDENCE: 0.87",15,0.87,29.44,27,2026-09-15T22:54:35.041778+00:00,False,False,False,True,True,False,0.87
Q014,chemistry,easy,What is the atomic number of Silicon?,14,"According to the periodic table, Silicon has atomic number 14.",IUPAC periodic table,irrelevant,"The Pacific Ocean is Earth's largest ocean. The Moon is Earth's natural satellite. A leap year normally has 366 days. According to the periodic table, Silicon has atomic number 14.",mock,deterministic-demo-v1,"ANSWER: 14
CONFIDENCE: 0.83",14,0.83,59.42,27,2026-09-15T22:54:35.041838+00:00,False,True,True,False,False,False,0.17000000000000004
Q014,chemistry,easy,What is the atomic number of Silicon?,14,"According to the periodic table, Silicon has atomic number 14.",IUPAC periodic table,duplicate_noise,"### RECORD ### According to the periodic table, Silicon has atomic number 14. [duplicate] According to the periodic table, Silicon has atomic number 14. !!! metadata=null; checksum=unknown",mock,deterministic-demo-v1,"ANSWER: 14
CONFIDENCE: 0.76",14,0.76,70.84,27,2026-09-15T22:54:35.041892+00:00,False,True,True,False,False,False,0.24
Q014,chemistry,easy,What is the atomic number of Silicon?,14,"According to the periodic table, Silicon has atomic number 14.",IUPAC periodic table,contradictory,"Source A states: According to the periodic table, Silicon has atomic number 14. Source B states: Silicon has atomic number 11.",mock,deterministic-demo-v1,"ANSWER: 14
CONFIDENCE: 0.66",14,0.66,50.88,27,2026-09-15T22:54:35.041949+00:00,False,True,True,False,False,False,0.33999999999999997
Q014,chemistry,easy,What is the atomic number of Silicon?,14,"According to the periodic table, Silicon has atomic number 14.",IUPAC periodic table,no_context,,mock,deterministic-demo-v1,"ANSWER: 14
CONFIDENCE: 0.81",14,0.81,57.68,27,2026-09-15T22:54:35.042002+00:00,False,True,False,True,True,False,0.18999999999999995
Q015,chemistry,easy,What is the atomic number of Phosphorus?,15,"According to the periodic table, Phosphorus has atomic number 15.",IUPAC periodic table,clean,"According to the periodic table, Phosphorus has atomic number 15.",mock,deterministic-demo-v1,"ANSWER: 15
CONFIDENCE: 0.83",15,0.83,44.4,27,2026-09-15T22:54:35.042167+00:00,False,True,True,False,False,False,0.17000000000000004
Q015,chemistry,easy,What is the atomic number of Phosphorus?,15,"According to the periodic table, Phosphorus has atomic number 15.",IUPAC periodic table,missing,"According to the periodic table, Phosphorus is a chemical element.",mock,deterministic-demo-v1,"ANSWER: Insufficient information.
CONFIDENCE: 0.93",Insufficient information.,0.93,51.35,50,2026-09-15T22:54:35.042230+00:00,True,False,False,False,False,True,0.93
Q015,chemistry,easy,What is the atomic number of Phosphorus?,15,"According to the periodic table, Phosphorus has atomic number 15.",IUPAC periodic table,irrelevant,"Water freezes at 0 degrees Celsius at standard pressure. The Pacific Ocean is Earth's largest ocean. The Moon is Earth's natural satellite. According to the periodic table, Phosphorus has atomic number 15.",mock,deterministic-demo-v1,"ANSWER: 15
CONFIDENCE: 0.66",15,0.66,47.39,27,2026-09-15T22:54:35.042290+00:00,False,True,True,False,False,False,0.33999999999999997
Q015,chemistry,easy,What is the atomic number of Phosphorus?,15,"According to the periodic table, Phosphorus has atomic number 15.",IUPAC periodic table,duplicate_noise,"### RECORD ### According to the periodic table, Phosphorus has atomic number 15. [duplicate] According to the periodic table, Phosphorus has atomic number 15. !!! metadata=null; checksum=unknown",mock,deterministic-demo-v1,"ANSWER: 15
CONFIDENCE: 0.72",15,0.72,18.27,27,2026-09-15T22:54:35.042343+00:00,False,True,True,False,False,False,0.28
Q015,chemistry,easy,What is the atomic number of Phosphorus?,15,"According to the periodic table, Phosphorus has atomic number 15.",IUPAC periodic table,contradictory,"Source A states: According to the periodic table, Phosphorus has atomic number 15. Source B states: Phosphorus has atomic number 14.",mock,deterministic-demo-v1,"ANSWER: 15
CONFIDENCE: 0.84",15,0.84,57.29,27,2026-09-15T22:54:35.042442+00:00,False,True,True,False,False,False,0.16000000000000003
Q015,chemistry,easy,What is the atomic number of Phosphorus?,15,"According to the periodic table, Phosphorus has atomic number 15.",IUPAC periodic table,no_context,,mock,deterministic-demo-v1,"ANSWER: 15
CONFIDENCE: 0.87",15,0.87,43.89,27,2026-09-15T22:54:35.042495+00:00,False,True,False,True,True,False,0.13
Q016,chemistry,easy,What is the atomic number of Sulfur?,16,"According to the periodic table, Sulfur has atomic number 16.",IUPAC periodic table,clean,"According to the periodic table, Sulfur has atomic number 16.",mock,deterministic-demo-v1,"ANSWER: 16
CONFIDENCE: 0.95",16,0.95,21.09,27,2026-09-15T22:54:35.042672+00:00,False,True,True,False,False,False,0.050000000000000044
Q016,chemistry,easy,What is the atomic number of Sulfur?,16,"According to the periodic table, Sulfur has atomic number 16.",IUPAC periodic table,missing,"According to the periodic table, Sulfur is a chemical element.",mock,deterministic-demo-v1,"ANSWER: 13
CONFIDENCE: 0.93",13,0.93,29.57,27,2026-09-15T22:54:35.042789+00:00,False,False,False,True,True,False,0.93
Q016,chemistry,easy,What is the atomic number of Sulfur?,16,"According to the periodic table, Sulfur has atomic number 16.",IUPAC periodic table,irrelevant,"A leap year normally has 366 days. The Pacific Ocean is Earth's largest ocean. Water freezes at 0 degrees Celsius at standard pressure. According to the periodic table, Sulfur has atomic number 16.",mock,deterministic-demo-v1,"ANSWER: 16
CONFIDENCE: 0.77",16,0.77,76.38,27,2026-09-15T22:54:35.042854+00:00,False,True,True,False,False,False,0.22999999999999998
Q016,chemistry,easy,What is the atomic number of Sulfur?,16,"According to the periodic table, Sulfur has atomic number 16.",IUPAC periodic table,duplicate_noise,"### RECORD ### According to the periodic table, Sulfur has atomic number 16. [duplicate] According to the periodic table, Sulfur has atomic number 16. !!! metadata=null; checksum=unknown",mock,deterministic-demo-v1,"ANSWER: 20
CONFIDENCE: 0.89",20,0.89,53.15,27,2026-09-15T22:54:35.042912+00:00,False,False,True,False,True,False,0.89
Q016,chemistry,easy,What is the atomic number of Sulfur?,16,"According to the periodic table, Sulfur has atomic number 16.",IUPAC periodic table,contradictory,"Source A states: According to the periodic table, Sulfur has atomic number 16. Source B states: Sulfur has atomic number 19.",mock,deterministic-demo-v1,"ANSWER: 20
CONFIDENCE: 0.68",20,0.68,19.51,27,2026-09-15T22:54:35.042971+00:00,False,False,True,False,True,False,0.68
Q016,chemistry,easy,What is the atomic number of Sulfur?,16,"According to the periodic table, Sulfur has atomic number 16.",IUPAC periodic table,no_context,,mock,deterministic-demo-v1,"ANSWER: 20
CONFIDENCE: 0.72",20,0.72,61.23,27,2026-09-15T22:54:35.043025+00:00,False,False,False,True,True,False,0.72
Q017,chemistry,easy,What is the atomic number of Chlorine?,17,"According to the periodic table, Chlorine has atomic number 17.",IUPAC periodic table,clean,"According to the periodic table, Chlorine has atomic number 17.",mock,deterministic-demo-v1,"ANSWER: 17
CONFIDENCE: 0.95",17,0.95,54.05,27,2026-09-15T22:54:35.043203+00:00,False,True,True,False,False,False,0.050000000000000044
Q017,chemistry,easy,What is the atomic number of Chlorine?,17,"According to the periodic table, Chlorine has atomic number 17.",IUPAC periodic table,missing,"According to the periodic table, Chlorine is a chemical element.",mock,deterministic-demo-v1,"ANSWER: Insufficient information.
CONFIDENCE: 0.81",Insufficient information.,0.81,48.09,50,2026-09-15T22:54:35.043265+00:00,True,False,False,False,False,True,0.81
Q017,chemistry,easy,What is the atomic number of Chlorine?,17,"According to the periodic table, Chlorine has atomic number 17.",IUPAC periodic table,irrelevant,"The Moon is Earth's natural satellite. The Pacific Ocean is Earth's largest ocean. Water freezes at 0 degrees Celsius at standard pressure. According to the periodic table, Chlorine has atomic number 17.",mock,deterministic-demo-v1,"ANSWER: 17
CONFIDENCE: 0.86",17,0.86,42.65,27,2026-09-15T22:54:35.043365+00:00,False,True,True,False,False,False,0.14
Q017,chemistry,easy,What is the atomic number of Chlorine?,17,"According to the periodic table, Chlorine has atomic number 17.",IUPAC periodic table,duplicate_noise,"### RECORD ### According to the periodic table, Chlorine has atomic number 17. [duplicate] According to the periodic table, Chlorine has atomic number 17. !!! metadata=null; checksum=unknown",mock,deterministic-demo-v1,"ANSWER: 17
CONFIDENCE: 0.84",17,0.84,64.33,27,2026-09-15T22:54:35.043419+00:00,False,True,True,False,False,False,0.16000000000000003
Q017,chemistry,easy,What is the atomic number of Chlorine?,17,"According to the periodic table, Chlorine has atomic number 17.",IUPAC periodic table,contradictory,"Source A states: According to the periodic table, Chlorine has atomic number 17. Source B states: Chlorine has atomic number 14.",mock,deterministic-demo-v1,"ANSWER: 17
CONFIDENCE: 0.73",17,0.73,52.75,27,2026-09-15T22:54:35.043482+00:00,False,True,True,False,False,False,0.27
Q017,chemistry,easy,What is the atomic number of Chlorine?,17,"According to the periodic table, Chlorine has atomic number 17.",IUPAC periodic table,no_context,,mock,deterministic-demo-v1,"ANSWER: Insufficient information.
CONFIDENCE: 0.64",Insufficient information.,0.64,76.85,50,2026-09-15T22:54:35.043536+00:00,True,False,False,False,False,True,0.64
Q018,chemistry,easy,What is the atomic number of Argon?,18,"According to the periodic table, Argon has atomic number 18.",IUPAC periodic table,clean,"According to the periodic table, Argon has atomic number 18.",mock,deterministic-demo-v1,"ANSWER: 18
CONFIDENCE: 0.83",18,0.83,61.45,27,2026-09-15T22:54:35.043677+00:00,False,True,True,False,False,False,0.17000000000000004
Q018,chemistry,easy,What is the atomic number of Argon?,18,"According to the periodic table, Argon has atomic number 18.",IUPAC periodic table,missing,"According to the periodic table, Argon is a chemical element.",mock,deterministic-demo-v1,"ANSWER: Insufficient information.
CONFIDENCE: 0.81",Insufficient information.,0.81,57.43,50,2026-09-15T22:54:35.043737+00:00,True,False,False,False,False,True,0.81
Q018,chemistry,easy,What is the atomic number of Argon?,18,"According to the periodic table, Argon has atomic number 18.",IUPAC periodic table,irrelevant,"A leap year normally has 366 days. Water freezes at 0 degrees Celsius at standard pressure. A triangle has three sides. According to the periodic table, Argon has atomic number 18.",mock,deterministic-demo-v1,"ANSWER: 18
CONFIDENCE: 0.74",18,0.74,27.14,27,2026-09-15T22:54:35.043798+00:00,False,True,True,False,False,False,0.26
Q018,chemistry,easy,What is the atomic number of Argon?,18,"According to the periodic table, Argon has atomic number 18.",IUPAC periodic table,duplicate_noise,"### RECORD ### According to the periodic table, Argon has atomic number 18. [duplicate] According to the periodic table, Argon has atomic number 18. !!! metadata=null; checksum=unknown",mock,deterministic-demo-v1,"ANSWER: 18
CONFIDENCE: 0.90",18,0.9,40.95,27,2026-09-15T22:54:35.043852+00:00,False,True,True,False,False,False,0.09999999999999998
Q018,chemistry,easy,What is the atomic number of Argon?,18,"According to the periodic table, Argon has atomic number 18.",IUPAC periodic table,contradictory,"Source A states: According to the periodic table, Argon has atomic number 18. Source B states: Argon has atomic number 16.",mock,deterministic-demo-v1,"ANSWER: 14
CONFIDENCE: 0.62",14,0.62,18.85,27,2026-09-15T22:54:35.043912+00:00,False,False,True,False,True,False,0.62
Q018,chemistry,easy,What is the atomic number of Argon?,18,"According to the periodic table, Argon has atomic number 18.",IUPAC periodic table,no_context,,mock,deterministic-demo-v1,"ANSWER: 18
CONFIDENCE: 0.91",18,0.91,57.05,27,2026-09-15T22:54:35.043965+00:00,False,True,False,True,True,False,0.08999999999999997
Q019,chemistry,easy,What is the atomic number of Potassium?,19,"According to the periodic table, Potassium has atomic number 19.",IUPAC periodic table,clean,"According to the periodic table, Potassium has atomic number 19.",mock,deterministic-demo-v1,"ANSWER: 19
CONFIDENCE: 0.83",19,0.83,51.73,27,2026-09-15T22:54:35.044241+00:00,False,True,True,False,False,False,0.17000000000000004
Q019,chemistry,easy,What is the atomic number of Potassium?,19,"According to the periodic table, Potassium has atomic number 19.",IUPAC periodic table,missing,"According to the periodic table, Potassium is a chemical element.",mock,deterministic-demo-v1,"ANSWER: Insufficient information.
CONFIDENCE: 0.71",Insufficient information.,0.71,36.93,50,2026-09-15T22:54:35.044304+00:00,True,False,False,False,False,True,0.71
Q019,chemistry,easy,What is the atomic number of Potassium?,19,"According to the periodic table, Potassium has atomic number 19.",IUPAC periodic table,irrelevant,"The Pacific Ocean is Earth's largest ocean. A triangle has three sides. The Moon is Earth's natural satellite. According to the periodic table, Potassium has atomic number 19.",mock,deterministic-demo-v1,"ANSWER: 19
CONFIDENCE: 0.76",19,0.76,70.33,27,2026-09-15T22:54:35.044365+00:00,False,True,True,False,False,False,0.24
Q019,chemistry,easy,What is the atomic number of Potassium?,19,"According to the periodic table, Potassium has atomic number 19.",IUPAC periodic table,duplicate_noise,"### RECORD ### According to the periodic table, Potassium has atomic number 19. [duplicate] According to the periodic table, Potassium has atomic number 19. !!! metadata=null; checksum=unknown",mock,deterministic-demo-v1,"ANSWER: 19
CONFIDENCE: 0.86",19,0.86,29.11,27,2026-09-15T22:54:35.044418+00:00,False,True,True,False,False,False,0.14
Q019,chemistry,easy,What is the atomic number of Potassium?,19,"According to the periodic table, Potassium has atomic number 19.",IUPAC periodic table,contradictory,"Source A states: According to the periodic table, Potassium has atomic number 19. Source B states: Potassium has atomic number 20.",mock,deterministic-demo-v1,"ANSWER: 23
CONFIDENCE: 0.95",23,0.95,56.63,27,2026-09-15T22:54:35.044478+00:00,False,False,True,False,True,False,0.95
Q019,chemistry,easy,What is the atomic number of Potassium?,19,"According to the periodic table, Potassium has atomic number 19.",IUPAC periodic table,no_context,,mock,deterministic-demo-v1,"ANSWER: 19
CONFIDENCE: 0.90",19,0.9,41.45,27,2026-09-15T22:54:35.044531+00:00,False,True,False,True,True,False,0.09999999999999998
Q020,chemistry,easy,What is the atomic number of Calcium?,20,"According to the periodic table, Calcium has atomic number 20.",IUPAC periodic table,clean,"According to the periodic table, Calcium has atomic number 20.",mock,deterministic-demo-v1,"ANSWER: 20
CONFIDENCE: 0.89",20,0.89,51.87,27,2026-09-15T22:54:35.044659+00:00,False,True,True,False,False,False,0.10999999999999999
Q020,chemistry,easy,What is the atomic number of Calcium?,20,"According to the periodic table, Calcium has atomic number 20.",IUPAC periodic table,missing,"According to the periodic table, Calcium is a chemical element.",mock,deterministic-demo-v1,"ANSWER: 20
CONFIDENCE: 0.82",20,0.82,34.34,27,2026-09-15T22:54:35.044717+00:00,False,True,False,True,True,False,0.18000000000000005
Q020,chemistry,easy,What is the atomic number of Calcium?,20,"According to the periodic table, Calcium has atomic number 20.",IUPAC periodic table,irrelevant,"Water freezes at 0 degrees Celsius at standard pressure. A leap year normally has 366 days. The Pacific Ocean is Earth's largest ocean. According to the periodic table, Calcium has atomic number 20.",mock,deterministic-demo-v1,"ANSWER: 20
CONFIDENCE: 0.94",20,0.94,25.18,27,2026-09-15T22:54:35.044777+00:00,False,True,True,False,False,False,0.06000000000000005
Q020,chemistry,easy,What is the atomic number of Calcium?,20,"According to the periodic table, Calcium has atomic number 20.",IUPAC periodic table,duplicate_noise,"### RECORD ### According to the periodic table, Calcium has atomic number 20. [duplicate] According to the periodic table, Calcium has atomic number 20. !!! metadata=null; checksum=unknown",mock,deterministic-demo-v1,"ANSWER: 23
CONFIDENCE: 0.90",23,0.9,31.18,27,2026-09-15T22:54:35.044835+00:00,False,False,True,False,True,False,0.9
Q020,chemistry,easy,What is the atomic number of Calcium?,20,"According to the periodic table, Calcium has atomic number 20.",IUPAC periodic table,contradictory,"Source A states: According to the periodic table, Calcium has atomic number 20. Source B states: Calcium has atomic number 23.",mock,deterministic-demo-v1,"ANSWER: 16
CONFIDENCE: 0.76",16,0.76,50.35,27,2026-09-15T22:54:35.044942+00:00,False,False,True,False,True,False,0.76
Q020,chemistry,easy,What is the atomic number of Calcium?,20,"According to the periodic table, Calcium has atomic number 20.",IUPAC periodic table,no_context,,mock,deterministic-demo-v1,"ANSWER: Insufficient information.
CONFIDENCE: 0.61",Insufficient information.,0.61,77.03,50,2026-09-15T22:54:35.044997+00:00,True,False,False,False,False,True,0.61
Q021,chemistry,moderate,What is the atomic number of Scandium?,21,"According to the periodic table, Scandium has atomic number 21.",IUPAC periodic table,clean,"According to the periodic table, Scandium has atomic number 21.",mock,deterministic-demo-v1,"ANSWER: 21
CONFIDENCE: 0.88",21,0.88,36.06,27,2026-09-15T22:54:35.045206+00:00,False,True,True,False,False,False,0.12
Q021,chemistry,moderate,What is the atomic number of Scandium?,21,"According to the periodic table, Scandium has atomic number 21.",IUPAC periodic table,missing,"According to the periodic table, Scandium is a chemical element.",mock,deterministic-demo-v1,"ANSWER: Insufficient information.
CONFIDENCE: 0.88",Insufficient information.,0.88,63.75,50,2026-09-15T22:54:35.045269+00:00,True,False,False,False,False,True,0.88
Q021,chemistry,moderate,What is the atomic number of Scandium?,21,"According to the periodic table, Scandium has atomic number 21.",IUPAC periodic table,irrelevant,"The Moon is Earth's natural satellite. A leap year normally has 366 days. Water freezes at 0 degrees Celsius at standard pressure. According to the periodic table, Scandium has atomic number 21.",mock,deterministic-demo-v1,"ANSWER: 21
CONFIDENCE: 0.93",21,0.93,46.99,27,2026-09-15T22:54:35.045332+00:00,False,True,True,False,False,False,0.06999999999999995
Q021,chemistry,moderate,What is the atomic number of Scandium?,21,"According to the periodic table, Scandium has atomic number 21.",IUPAC periodic table,duplicate_noise,"### RECORD ### According to the periodic table, Scandium has atomic number 21. [duplicate] According to the periodic table, Scandium has atomic number 21. !!! metadata=null; checksum=unknown",mock,deterministic-demo-v1,"ANSWER: 21
CONFIDENCE: 0.72",21,0.72,64.03,27,2026-09-15T22:54:35.045386+00:00,False,True,True,False,False,False,0.28
Q021,chemistry,moderate,What is the atomic number of Scandium?,21,"According to the periodic table, Scandium has atomic number 21.",IUPAC periodic table,contradictory,"Source A states: According to the periodic table, Scandium has atomic number 21. Source B states: Scandium has atomic number 18.",mock,deterministic-demo-v1,"ANSWER: 18
CONFIDENCE: 0.76",18,0.76,77.46,27,2026-09-15T22:54:35.045447+00:00,False,False,True,False,True,False,0.76
Q021,chemistry,moderate,What is the atomic number of Scandium?,21,"According to the periodic table, Scandium has atomic number 21.",IUPAC periodic table,no_context,,mock,deterministic-demo-v1,"ANSWER: Insufficient information.
CONFIDENCE: 0.63",Insufficient information.,0.63,30.92,50,2026-09-15T22:54:35.045502+00:00,True,False,False,False,False,True,0.63
Q022,chemistry,moderate,What is the atomic number of Titanium?,22,"According to the periodic table, Titanium has atomic number 22.",IUPAC periodic table,clean,"According to the periodic table, Titanium has atomic number 22.",mock,deterministic-demo-v1,"ANSWER: 22
CONFIDENCE: 0.95",22,0.95,50.54,27,2026-09-15T22:54:35.045681+00:00,False,True,True,False,False,False,0.050000000000000044
Q022,chemistry,moderate,What is the atomic number of Titanium?,22,"According to the periodic table, Titanium has atomic number 22.",IUPAC periodic table,missing,"According to the periodic table, Titanium is a chemical element.",mock,deterministic-demo-v1,"ANSWER: Insufficient information.
CONFIDENCE: 0.73",Insufficient information.,0.73,32.93,50,2026-09-15T22:54:35.045742+00:00,True,False,False,False,False,True,0.73
Q022,chemistry,moderate,What is the atomic number of Titanium?,22,"According to the periodic table, Titanium has atomic number 22.",IUPAC periodic table,irrelevant,"Water freezes at 0 degrees Celsius at standard pressure. A leap year normally has 366 days. A triangle has three sides. According to the periodic table, Titanium has atomic number 22.",mock,deterministic-demo-v1,"ANSWER: 22
CONFIDENCE: 0.94",22,0.94,45.81,27,2026-09-15T22:54:35.045839+00:00,False,True,True,False,False,False,0.06000000000000005
Q022,chemistry,moderate,What is the atomic number of Titanium?,22,"According to the periodic table, Titanium has atomic number 22.",IUPAC periodic table,duplicate_noise,"### RECORD ### According to the periodic table, Titanium has atomic number 22. [duplicate] According to the periodic table, Titanium has atomic number 22. !!! metadata=null; checksum=unknown",mock,deterministic-demo-v1,"ANSWER: 22
CONFIDENCE: 0.85",22,0.85,36.73,27,2026-09-15T22:54:35.045895+00:00,False,True,True,False,False,False,0.15000000000000002
Q022,chemistry,moderate,What is the atomic number of Titanium?,22,"According to the periodic table, Titanium has atomic number 22.",IUPAC periodic table,contradictory,"Source A states: According to the periodic table, Titanium has atomic number 22. Source B states: Titanium has atomic number 23.",mock,deterministic-demo-v1,"ANSWER: 24
CONFIDENCE: 0.90",24,0.9,44.63,27,2026-09-15T22:54:35.045955+00:00,False,False,True,False,True,False,0.9
Q022,chemistry,moderate,What is the atomic number of Titanium?,22,"According to the periodic table, Titanium has atomic number 22.",IUPAC periodic table,no_context,,mock,deterministic-demo-v1,"ANSWER: 26
CONFIDENCE: 0.88",26,0.88,64.8,27,2026-09-15T22:54:35.046011+00:00,False,False,False,True,True,False,0.88
Q023,chemistry,moderate,What is the atomic number of Vanadium?,23,"According to the periodic table, Vanadium has atomic number 23.",IUPAC periodic table,clean,"According to the periodic table, Vanadium has atomic number 23.",mock,deterministic-demo-v1,"ANSWER: 23
CONFIDENCE: 0.93",23,0.93,31.87,27,2026-09-15T22:54:35.046183+00:00,False,True,True,False,False,False,0.06999999999999995
Q023,chemistry,moderate,What is the atomic number of Vanadium?,23,"According to the periodic table, Vanadium has atomic number 23.",IUPAC periodic table,missing,"According to the periodic table, Vanadium is a chemical element.",mock,deterministic-demo-v1,"ANSWER: Insufficient information.
CONFIDENCE: 0.72",Insufficient information.,0.72,32.46,50,2026-09-15T22:54:35.046410+00:00,True,False,False,False,False,True,0.72
Q023,chemistry,moderate,What is the atomic number of Vanadium?,23,"According to the periodic table, Vanadium has atomic number 23.",IUPAC periodic table,irrelevant,"A leap year normally has 366 days. Water freezes at 0 degrees Celsius at standard pressure. The Moon is Earth's natural satellite. According to the periodic table, Vanadium has atomic number 23.",mock,deterministic-demo-v1,"ANSWER: 23
CONFIDENCE: 0.74",23,0.74,31.48,27,2026-09-15T22:54:35.046494+00:00,False,True,True,False,False,False,0.26
Q023,chemistry,moderate,What is the atomic number of Vanadium?,23,"According to the periodic table, Vanadium has atomic number 23.",IUPAC periodic table,duplicate_noise,"### RECORD ### According to the periodic table, Vanadium has atomic number 23. [duplicate] According to the periodic table, Vanadium has atomic number 23. !!! metadata=null; checksum=unknown",mock,deterministic-demo-v1,"ANSWER: 23
CONFIDENCE: 0.69",23,0.69,63.82,27,2026-09-15T22:54:35.046548+00:00,False,True,True,False,False,False,0.31000000000000005
Q023,chemistry,moderate,What is the atomic number of Vanadium?,23,"According to the periodic table, Vanadium has atomic number 23.",IUPAC periodic table,contradictory,"Source A states: According to the periodic table, Vanadium has atomic number 23. Source B states: Vanadium has atomic number 20.",mock,deterministic-demo-v1,"ANSWER: 25
CONFIDENCE: 0.87",25,0.87,20.48,27,2026-09-15T22:54:35.046609+00:00,False,False,True,False,True,False,0.87
Q023,chemistry,moderate,What is the atomic number of Vanadium?,23,"According to the periodic table, Vanadium has atomic number 23.",IUPAC periodic table,no_context,,mock,deterministic-demo-v1,"ANSWER: 23
CONFIDENCE: 0.81",23,0.81,46.29,27,2026-09-15T22:54:35.046663+00:00,False,True,False,True,True,False,0.18999999999999995
Q024,chemistry,moderate,What is the atomic number of Chromium?,24,"According to the periodic table, Chromium has atomic number 24.",IUPAC periodic table,clean,"According to the periodic table, Chromium has atomic number 24.",mock,deterministic-demo-v1,"ANSWER: 24
CONFIDENCE: 0.83",24,0.83,19.75,27,2026-09-15T22:54:35.046869+00:00,False,True,True,False,False,False,0.17000000000000004
Q024,chemistry,moderate,What is the atomic number of Chromium?,24,"According to the periodic table, Chromium has atomic number 24.",IUPAC periodic table,missing,"According to the periodic table, Chromium is a chemical element.",mock,deterministic-demo-v1,"ANSWER: 24
CONFIDENCE: 0.90",24,0.9,54.15,27,2026-09-15T22:54:35.046929+00:00,False,True,False,True,True,False,0.09999999999999998
Q024,chemistry,moderate,What is the atomic number of Chromium?,24,"According to the periodic table, Chromium has atomic number 24.",IUPAC periodic table,irrelevant,"A triangle has three sides. The Moon is Earth's natural satellite. A leap year normally has 366 days. According to the periodic table, Chromium has atomic number 24.",mock,deterministic-demo-v1,"ANSWER: 24
CONFIDENCE: 0.66",24,0.66,48.05,27,2026-09-15T22:54:35.046990+00:00,False,True,True,False,False,False,0.33999999999999997
Q024,chemistry,moderate,What is the atomic number of Chromium?,24,"According to the periodic table, Chromium has atomic number 24.",IUPAC periodic table,duplicate_noise,"### RECORD ### According to the periodic table, Chromium has atomic number 24. [duplicate] According to the periodic table, Chromium has atomic number 24. !!! metadata=null; checksum=unknown",mock,deterministic-demo-v1,"ANSWER: 24
CONFIDENCE: 0.76",24,0.76,33.36,27,2026-09-15T22:54:35.047082+00:00,False,True,True,False,False,False,0.24
Q024,chemistry,moderate,What is the atomic number of Chromium?,24,"According to the periodic table, Chromium has atomic number 24.",IUPAC periodic table,contradictory,"Source A states: According to the periodic table, Chromium has atomic number 24. Source B states: Chromium has atomic number 23.",mock,deterministic-demo-v1,"ANSWER: 20
CONFIDENCE: 0.82",20,0.82,65.52,27,2026-09-15T22:54:35.047220+00:00,False,False,True,False,True,False,0.82
Q024,chemistry,moderate,What is the atomic number of Chromium?,24,"According to the periodic table, Chromium has atomic number 24.",IUPAC periodic table,no_context,,mock,deterministic-demo-v1,"ANSWER: 26
CONFIDENCE: 0.69",26,0.69,23.21,27,2026-09-15T22:54:35.047303+00:00,False,False,False,True,True,False,0.69
Q025,chemistry,moderate,What is the atomic number of Manganese?,25,"According to the periodic table, Manganese has atomic number 25.",IUPAC periodic table,clean,"According to the periodic table, Manganese has atomic number 25.",mock,deterministic-demo-v1,"ANSWER: 25
CONFIDENCE: 0.99",25,0.99,38.22,27,2026-09-15T22:54:35.047457+00:00,False,True,True,False,False,False,0.010000000000000009
Q025,chemistry,moderate,What is the atomic number of Manganese?,25,"According to the periodic table, Manganese has atomic number 25.",IUPAC periodic table,missing,"According to the periodic table, Manganese is a chemical element.",mock,deterministic-demo-v1,"ANSWER: 25
CONFIDENCE: 0.90",25,0.9,77.69,27,2026-09-15T22:54:35.047516+00:00,False,True,False,True,True,False,0.09999999999999998
Q025,chemistry,moderate,What is the atomic number of Manganese?,25,"According to the periodic table, Manganese has atomic number 25.",IUPAC periodic table,irrelevant,"The Pacific Ocean is Earth's largest ocean. Water freezes at 0 degrees Celsius at standard pressure. A triangle has three sides. According to the periodic table, Manganese has atomic number 25.",mock,deterministic-demo-v1,"ANSWER: 25
CONFIDENCE: 0.69",25,0.69,22.82,27,2026-09-15T22:54:35.047577+00:00,False,True,True,False,False,False,0.31000000000000005
Q025,chemistry,moderate,What is the atomic number of Manganese?,25,"According to the periodic table, Manganese has atomic number 25.",IUPAC periodic table,duplicate_noise,"### RECORD ### According to the periodic table, Manganese has atomic number 25. [duplicate] According to the periodic table, Manganese has atomic number 25. !!! metadata=null; checksum=unknown",mock,deterministic-demo-v1,"ANSWER: 28
CONFIDENCE: 0.75",28,0.75,33.23,27,2026-09-15T22:54:35.047633+00:00,False,False,True,False,True,False,0.75
Q025,chemistry,moderate,What is the atomic number of Manganese?,25,"According to the periodic table, Manganese has atomic number 25.",IUPAC periodic table,contradictory,"Source A states: According to the periodic table, Manganese has atomic number 25. Source B states: Manganese has atomic number 26.",mock,deterministic-demo-v1,"ANSWER: 23
CONFIDENCE: 0.64",23,0.64,78.01,27,2026-09-15T22:54:35.047735+00:00,False,False,True,False,True,False,0.64
Q025,chemistry,moderate,What is the atomic number of Manganese?,25,"According to the periodic table, Manganese has atomic number 25.",IUPAC periodic table,no_context,,mock,deterministic-demo-v1,"ANSWER: Insufficient information.
CONFIDENCE: 0.84",Insufficient information.,0.84,40.51,50,2026-09-15T22:54:35.047791+00:00,True,False,False,False,False,True,0.84
Q026,chemistry,moderate,What is the atomic number of Iron?,26,"According to the periodic table, Iron has atomic number 26.",IUPAC periodic table,clean,"According to the periodic table, Iron has atomic number 26.",mock,deterministic-demo-v1,"ANSWER: 26
CONFIDENCE: 0.83",26,0.83,30.2,27,2026-09-15T22:54:35.047927+00:00,False,True,True,False,False,False,0.17000000000000004
Q026,chemistry,moderate,What is the atomic number of Iron?,26,"According to the periodic table, Iron has atomic number 26.",IUPAC periodic table,missing,"According to the periodic table, Iron is a chemical element.",mock,deterministic-demo-v1,"ANSWER: Insufficient information.
CONFIDENCE: 0.86",Insufficient information.,0.86,40.81,50,2026-09-15T22:54:35.047986+00:00,True,False,False,False,False,True,0.86
Q026,chemistry,moderate,What is the atomic number of Iron?,26,"According to the periodic table, Iron has atomic number 26.",IUPAC periodic table,irrelevant,"A triangle has three sides. The Pacific Ocean is Earth's largest ocean. A leap year normally has 366 days. According to the periodic table, Iron has atomic number 26.",mock,deterministic-demo-v1,"ANSWER: 26
CONFIDENCE: 0.76",26,0.76,21.0,27,2026-09-15T22:54:35.048046+00:00,False,True,True,False,False,False,0.24
Q026,chemistry,moderate,What is the atomic number of Iron?,26,"According to the periodic table, Iron has atomic number 26.",IUPAC periodic table,duplicate_noise,"### RECORD ### According to the periodic table, Iron has atomic number 26. [duplicate] According to the periodic table, Iron has atomic number 26. !!! metadata=null; checksum=unknown",mock,deterministic-demo-v1,"ANSWER: 26
CONFIDENCE: 0.92",26,0.92,19.35,27,2026-09-15T22:54:35.048172+00:00,False,True,True,False,False,False,0.07999999999999996
Q026,chemistry,moderate,What is the atomic number of Iron?,26,"According to the periodic table, Iron has atomic number 26.",IUPAC periodic table,contradictory,"Source A states: According to the periodic table, Iron has atomic number 26. Source B states: Iron has atomic number 23.",mock,deterministic-demo-v1,"ANSWER: 26
CONFIDENCE: 0.89",26,0.89,53.55,27,2026-09-15T22:54:35.048233+00:00,False,True,True,False,False,False,0.10999999999999999
Q026,chemistry,moderate,What is the atomic number of Iron?,26,"According to the periodic table, Iron has atomic number 26.",IUPAC periodic table,no_context,,mock,deterministic-demo-v1,"ANSWER: Insufficient information.
CONFIDENCE: 0.67",Insufficient information.,0.67,56.9,50,2026-09-15T22:54:35.048287+00:00,True,False,False,False,False,True,0.67
Q027,chemistry,moderate,What is the atomic number of Cobalt?,27,"According to the periodic table, Cobalt has atomic number 27.",IUPAC periodic table,clean,"According to the periodic table, Cobalt has atomic number 27.",mock,deterministic-demo-v1,"ANSWER: 27
CONFIDENCE: 0.95",27,0.95,32.35,27,2026-09-15T22:54:35.048429+00:00,False,True,True,False,False,False,0.050000000000000044
Q027,chemistry,moderate,What is the atomic number of Cobalt?,27,"According to the periodic table, Cobalt has atomic number 27.",IUPAC periodic table,missing,"According to the periodic table, Cobalt is a chemical element.",mock,deterministic-demo-v1,"ANSWER: Insufficient information.
CONFIDENCE: 0.79",Insufficient information.,0.79,34.3,50,2026-09-15T22:54:35.048489+00:00,True,False,False,False,False,True,0.79
Q027,chemistry,moderate,What is the atomic number of Cobalt?,27,"According to the periodic table, Cobalt has atomic number 27.",IUPAC periodic table,irrelevant,"A triangle has three sides. A leap year normally has 366 days. The Moon is Earth's natural satellite. According to the periodic table, Cobalt has atomic number 27.",mock,deterministic-demo-v1,"ANSWER: 27
CONFIDENCE: 0.92",27,0.92,46.78,27,2026-09-15T22:54:35.048597+00:00,False,True,True,False,False,False,0.07999999999999996
Q027,chemistry,moderate,What is the atomic number of Cobalt?,27,"According to the periodic table, Cobalt has atomic number 27.",IUPAC periodic table,duplicate_noise,"### RECORD ### According to the periodic table, Cobalt has atomic number 27. [duplicate] According to the periodic table, Cobalt has atomic number 27. !!! metadata=null; checksum=unknown",mock,deterministic-demo-v1,"ANSWER: 27
CONFIDENCE: 0.77",27,0.77,24.44,27,2026-09-15T22:54:35.048652+00:00,False,True,True,False,False,False,0.22999999999999998
Q027,chemistry,moderate,What is the atomic number of Cobalt?,27,"According to the periodic table, Cobalt has atomic number 27.",IUPAC periodic table,contradictory,"Source A states: According to the periodic table, Cobalt has atomic number 27. Source B states: Cobalt has atomic number 28.",mock,deterministic-demo-v1,"ANSWER: 25
CONFIDENCE: 0.67",25,0.67,73.28,27,2026-09-15T22:54:35.048713+00:00,False,False,True,False,True,False,0.67
Q027,chemistry,moderate,What is the atomic number of Cobalt?,27,"According to the periodic table, Cobalt has atomic number 27.",IUPAC periodic table,no_context,,mock,deterministic-demo-v1,"ANSWER: 27
CONFIDENCE: 0.73",27,0.73,56.16,27,2026-09-15T22:54:35.048765+00:00,False,True,False,True,True,False,0.27
Q028,chemistry,moderate,What is the atomic number of Nickel?,28,"According to the periodic table, Nickel has atomic number 28.",IUPAC periodic table,clean,"According to the periodic table, Nickel has atomic number 28.",mock,deterministic-demo-v1,"ANSWER: 28
CONFIDENCE: 0.86",28,0.86,44.98,27,2026-09-15T22:54:35.048900+00:00,False,True,True,False,False,False,0.14
Q028,chemistry,moderate,What is the atomic number of Nickel?,28,"According to the periodic table, Nickel has atomic number 28.",IUPAC periodic table,missing,"According to the periodic table, Nickel is a chemical element.",mock,deterministic-demo-v1,"ANSWER: Insufficient information.
CONFIDENCE: 0.82",Insufficient information.,0.82,37.71,50,2026-09-15T22:54:35.048960+00:00,True,False,False,False,False,True,0.82
Q028,chemistry,moderate,What is the atomic number of Nickel?,28,"According to the periodic table, Nickel has atomic number 28.",IUPAC periodic table,irrelevant,"A triangle has three sides. The Moon is Earth's natural satellite. The Pacific Ocean is Earth's largest ocean. According to the periodic table, Nickel has atomic number 28.",mock,deterministic-demo-v1,"ANSWER: 31
CONFIDENCE: 0.67",31,0.67,57.2,27,2026-09-15T22:54:35.049022+00:00,False,False,True,False,True,False,0.67
Q028,chemistry,moderate,What is the atomic number of Nickel?,28,"According to the periodic table, Nickel has atomic number 28.",IUPAC periodic table,duplicate_noise,"### RECORD ### According to the periodic table, Nickel has atomic number 28. [duplicate] According to the periodic table, Nickel has atomic number 28. !!! metadata=null; checksum=unknown",mock,deterministic-demo-v1,"ANSWER: 28
CONFIDENCE: 0.91",28,0.91,22.25,27,2026-09-15T22:54:35.049076+00:00,False,True,True,False,False,False,0.08999999999999997
Q028,chemistry,moderate,What is the atomic number of Nickel?,28,"According to the periodic table, Nickel has atomic number 28.",IUPAC periodic table,contradictory,"Source A states: According to the periodic table, Nickel has atomic number 28. Source B states: Nickel has atomic number 25.",mock,deterministic-demo-v1,"ANSWER: 28
CONFIDENCE: 0.83",28,0.83,68.03,27,2026-09-15T22:54:35.049169+00:00,False,True,True,False,False,False,0.17000000000000004
Q028,chemistry,moderate,What is the atomic number of Nickel?,28,"According to the periodic table, Nickel has atomic number 28.",IUPAC periodic table,no_context,,mock,deterministic-demo-v1,"ANSWER: 28
CONFIDENCE: 0.82",28,0.82,58.79,27,2026-09-15T22:54:35.049255+00:00,False,True,False,True,True,False,0.18000000000000005
Q029,chemistry,moderate,What is the atomic number of Copper?,29,"According to the periodic table, Copper has atomic number 29.",IUPAC periodic table,clean,"According to the periodic table, Copper has atomic number 29.",mock,deterministic-demo-v1,"ANSWER: 26
CONFIDENCE: 0.74",26,0.74,67.4,27,2026-09-15T22:54:35.049434+00:00,False,False,True,False,True,False,0.74
Q029,chemistry,moderate,What is the atomic number of Copper?,29,"According to the periodic table, Copper has atomic number 29.",IUPAC periodic table,missing,"According to the periodic table, Copper is a chemical element.",mock,deterministic-demo-v1,"ANSWER: Insufficient information.
CONFIDENCE: 0.92",Insufficient information.,0.92,71.92,50,2026-09-15T22:54:35.049495+00:00,True,False,False,False,False,True,0.92
Q029,chemistry,moderate,What is the atomic number of Copper?,29,"According to the periodic table, Copper has atomic number 29.",IUPAC periodic table,irrelevant,"A leap year normally has 366 days. A triangle has three sides. Water freezes at 0 degrees Celsius at standard pressure. According to the periodic table, Copper has atomic number 29.",mock,deterministic-demo-v1,"ANSWER: 29
CONFIDENCE: 0.80",29,0.8,65.43,27,2026-09-15T22:54:35.049555+00:00,False,True,True,False,False,False,0.19999999999999996
Q029,chemistry,moderate,What is the atomic number of Copper?,29,"According to the periodic table, Copper has atomic number 29.",IUPAC periodic table,duplicate_noise,"### RECORD ### According to the periodic table, Copper has atomic number 29. [duplicate] According to the periodic table, Copper has atomic number 29. !!! metadata=null; checksum=unknown",mock,deterministic-demo-v1,"ANSWER: 29
CONFIDENCE: 0.94",29,0.94,24.38,27,2026-09-15T22:54:35.049608+00:00,False,True,True,False,False,False,0.06000000000000005
Q029,chemistry,moderate,What is the atomic number of Copper?,29,"According to the periodic table, Copper has atomic number 29.",IUPAC periodic table,contradictory,"Source A states: According to the periodic table, Copper has atomic number 29. Source B states: Copper has atomic number 26.",mock,deterministic-demo-v1,"ANSWER: 29
CONFIDENCE: 0.76",29,0.76,17.66,27,2026-09-15T22:54:35.049699+00:00,False,True,True,False,False,False,0.24
Q029,chemistry,moderate,What is the atomic number of Copper?,29,"According to the periodic table, Copper has atomic number 29.",IUPAC periodic table,no_context,,mock,deterministic-demo-v1,"ANSWER: 29
CONFIDENCE: 0.72",29,0.72,21.3,27,2026-09-15T22:54:35.049759+00:00,False,True,False,True,True,False,0.28
Q030,chemistry,moderate,What is the atomic number of Zinc?,30,"According to the periodic table, Zinc has atomic number 30.",IUPAC periodic table,clean,"According to the periodic table, Zinc has atomic number 30.",mock,deterministic-demo-v1,"ANSWER: 30
CONFIDENCE: 0.86",30,0.86,74.81,27,2026-09-15T22:54:35.049928+00:00,False,True,True,False,False,False,0.14
Q030,chemistry,moderate,What is the atomic number of Zinc?,30,"According to the periodic table, Zinc has atomic number 30.",IUPAC periodic table,missing,"According to the periodic table, Zinc is a chemical element.",mock,deterministic-demo-v1,"ANSWER: Insufficient information.
CONFIDENCE: 0.90",Insufficient information.,0.9,59.09,50,2026-09-15T22:54:35.049988+00:00,True,False,False,False,False,True,0.9
Q030,chemistry,moderate,What is the atomic number of Zinc?,30,"According to the periodic table, Zinc has atomic number 30.",IUPAC periodic table,irrelevant,"A triangle has three sides. The Moon is Earth's natural satellite. A leap year normally has 366 days. According to the periodic table, Zinc has atomic number 30.",mock,deterministic-demo-v1,"ANSWER: 30
CONFIDENCE: 0.85",30,0.85,47.21,27,2026-09-15T22:54:35.050078+00:00,False,True,True,False,False,False,0.15000000000000002
Q030,chemistry,moderate,What is the atomic number of Zinc?,30,"According to the periodic table, Zinc has atomic number 30.",IUPAC periodic table,duplicate_noise,"### RECORD ### According to the periodic table, Zinc has atomic number 30. [duplicate] According to the periodic table, Zinc has atomic number 30. !!! metadata=null; checksum=unknown",mock,deterministic-demo-v1,"ANSWER: 30
CONFIDENCE: 0.76",30,0.76,79.02,27,2026-09-15T22:54:35.050175+00:00,False,True,True,False,False,False,0.24
Q030,chemistry,moderate,What is the atomic number of Zinc?,30,"According to the periodic table, Zinc has atomic number 30.",IUPAC periodic table,contradictory,"Source A states: According to the periodic table, Zinc has atomic number 30. Source B states: Zinc has atomic number 27.",mock,deterministic-demo-v1,"ANSWER: 29
CONFIDENCE: 0.86",29,0.86,39.24,27,2026-09-15T22:54:35.050267+00:00,False,False,True,False,True,False,0.86
Q030,chemistry,moderate,What is the atomic number of Zinc?,30,"According to the periodic table, Zinc has atomic number 30.",IUPAC periodic table,no_context,,mock,deterministic-demo-v1,"ANSWER: 30
CONFIDENCE: 0.78",30,0.78,43.98,27,2026-09-15T22:54:35.050322+00:00,False,True,False,True,True,False,0.21999999999999997
Q031,chemistry,moderate,What is the atomic number of Gallium?,31,"According to the periodic table, Gallium has atomic number 31.",IUPAC periodic table,clean,"According to the periodic table, Gallium has atomic number 31.",mock,deterministic-demo-v1,"ANSWER: 31
CONFIDENCE: 0.91",31,0.91,76.01,27,2026-09-15T22:54:35.050465+00:00,False,True,True,False,False,False,0.08999999999999997
Q031,chemistry,moderate,What is the atomic number of Gallium?,31,"According to the periodic table, Gallium has atomic number 31.",IUPAC periodic table,missing,"According to the periodic table, Gallium is a chemical element.",mock,deterministic-demo-v1,"ANSWER: Insufficient information.
CONFIDENCE: 0.86",Insufficient information.,0.86,30.9,50,2026-09-15T22:54:35.050525+00:00,True,False,False,False,False,True,0.86
Q031,chemistry,moderate,What is the atomic number of Gallium?,31,"According to the periodic table, Gallium has atomic number 31.",IUPAC periodic table,irrelevant,"The Moon is Earth's natural satellite. A leap year normally has 366 days. The Pacific Ocean is Earth's largest ocean. According to the periodic table, Gallium has atomic number 31.",mock,deterministic-demo-v1,"ANSWER: 31
CONFIDENCE: 0.91",31,0.91,62.94,27,2026-09-15T22:54:35.050585+00:00,False,True,True,False,False,False,0.08999999999999997
Q031,chemistry,moderate,What is the atomic number of Gallium?,31,"According to the periodic table, Gallium has atomic number 31.",IUPAC periodic table,duplicate_noise,"### RECORD ### According to the periodic table, Gallium has atomic number 31. [duplicate] According to the periodic table, Gallium has atomic number 31. !!! metadata=null; checksum=unknown",mock,deterministic-demo-v1,"ANSWER: 31
CONFIDENCE: 0.67",31,0.67,24.93,27,2026-09-15T22:54:35.050639+00:00,False,True,True,False,False,False,0.32999999999999996
Q031,chemistry,moderate,What is the atomic number of Gallium?,31,"According to the periodic table, Gallium has atomic number 31.",IUPAC periodic table,contradictory,"Source A states: According to the periodic table, Gallium has atomic number 31. Source B states: Gallium has atomic number 33.",mock,deterministic-demo-v1,"ANSWER: 31
CONFIDENCE: 0.86",31,0.86,37.1,27,2026-09-15T22:54:35.050696+00:00,False,True,True,False,False,False,0.14
Q031,chemistry,moderate,What is the atomic number of Gallium?,31,"According to the periodic table, Gallium has atomic number 31.",IUPAC periodic table,no_context,,mock,deterministic-demo-v1,"ANSWER: 31
CONFIDENCE: 0.74",31,0.74,73.68,27,2026-09-15T22:54:35.050748+00:00,False,True,False,True,True,False,0.26
Q032,chemistry,moderate,What is the atomic number of Germanium?,32,"According to the periodic table, Germanium has atomic number 32.",IUPAC periodic table,clean,"According to the periodic table, Germanium has atomic number 32.",mock,deterministic-demo-v1,"ANSWER: 32
CONFIDENCE: 0.87",32,0.87,19.99,27,2026-09-15T22:54:35.050868+00:00,False,True,True,False,False,False,0.13
Q032,chemistry,moderate,What is the atomic number of Germanium?,32,"According to the periodic table, Germanium has atomic number 32.",IUPAC periodic table,missing,"According to the periodic table, Germanium is a chemical element.",mock,deterministic-demo-v1,"ANSWER: 32
CONFIDENCE: 0.92",32,0.92,63.31,27,2026-09-15T22:54:35.050975+00:00,False,True,False,True,True,False,0.07999999999999996
Q032,chemistry,moderate,What is the atomic number of Germanium?,32,"According to the periodic table, Germanium has atomic number 32.",IUPAC periodic table,irrelevant,"A triangle has three sides. A leap year normally has 366 days. The Pacific Ocean is Earth's largest ocean. According to the periodic table, Germanium has atomic number 32.",mock,deterministic-demo-v1,"ANSWER: 32
CONFIDENCE: 0.78",32,0.78,49.38,27,2026-09-15T22:54:35.051064+00:00,False,True,True,False,False,False,0.21999999999999997
Q032,chemistry,moderate,What is the atomic number of Germanium?,32,"According to the periodic table, Germanium has atomic number 32.",IUPAC periodic table,duplicate_noise,"### RECORD ### According to the periodic table, Germanium has atomic number 32. [duplicate] According to the periodic table, Germanium has atomic number 32. !!! metadata=null; checksum=unknown",mock,deterministic-demo-v1,"ANSWER: 32
CONFIDENCE: 0.89",32,0.89,21.68,27,2026-09-15T22:54:35.051146+00:00,False,True,True,False,False,False,0.10999999999999999
Q032,chemistry,moderate,What is the atomic number of Germanium?,32,"According to the periodic table, Germanium has atomic number 32.",IUPAC periodic table,contradictory,"Source A states: According to the periodic table, Germanium has atomic number 32. Source B states: Germanium has atomic number 35.",mock,deterministic-demo-v1,"ANSWER: 33
CONFIDENCE: 0.81",33,0.81,50.67,27,2026-09-15T22:54:35.051209+00:00,False,False,True,False,True,False,0.81
Q032,chemistry,moderate,What is the atomic number of Germanium?,32,"According to the periodic table, Germanium has atomic number 32.",IUPAC periodic table,no_context,,mock,deterministic-demo-v1,"ANSWER: 35
CONFIDENCE: 0.72",35,0.72,79.44,27,2026-09-15T22:54:35.051264+00:00,False,False,False,True,True,False,0.72
Q033,chemistry,moderate,What is the atomic number of Arsenic?,33,"According to the periodic table, Arsenic has atomic number 33.",IUPAC periodic table,clean,"According to the periodic table, Arsenic has atomic number 33.",mock,deterministic-demo-v1,"ANSWER: 33
CONFIDENCE: 0.86",33,0.86,66.54,27,2026-09-15T22:54:35.051404+00:00,False,True,True,False,False,False,0.14
Q033,chemistry,moderate,What is the atomic number of Arsenic?,33,"According to the periodic table, Arsenic has atomic number 33.",IUPAC periodic table,missing,"According to the periodic table, Arsenic is a chemical element.",mock,deterministic-demo-v1,"ANSWER: 32
CONFIDENCE: 0.79",32,0.79,47.4,27,2026-09-15T22:54:35.051506+00:00,False,False,False,True,True,False,0.79
Q033,chemistry,moderate,What is the atomic number of Arsenic?,33,"According to the periodic table, Arsenic has atomic number 33.",IUPAC periodic table,irrelevant,"The Pacific Ocean is Earth's largest ocean. A leap year normally has 366 days. A triangle has three sides. According to the periodic table, Arsenic has atomic number 33.",mock,deterministic-demo-v1,"ANSWER: 32
CONFIDENCE: 0.81",32,0.81,46.79,27,2026-09-15T22:54:35.051572+00:00,False,False,True,False,True,False,0.81
Q033,chemistry,moderate,What is the atomic number of Arsenic?,33,"According to the periodic table, Arsenic has atomic number 33.",IUPAC periodic table,duplicate_noise,"### RECORD ### According to the periodic table, Arsenic has atomic number 33. [duplicate] According to the periodic table, Arsenic has atomic number 33. !!! metadata=null; checksum=unknown",mock,deterministic-demo-v1,"ANSWER: 33
CONFIDENCE: 0.92",33,0.92,70.75,27,2026-09-15T22:54:35.051625+00:00,False,True,True,False,False,False,0.07999999999999996
Q033,chemistry,moderate,What is the atomic number of Arsenic?,33,"According to the periodic table, Arsenic has atomic number 33.",IUPAC periodic table,contradictory,"Source A states: According to the periodic table, Arsenic has atomic number 33. Source B states: Arsenic has atomic number 30.",mock,deterministic-demo-v1,"ANSWER: 33
CONFIDENCE: 0.86",33,0.86,28.57,27,2026-09-15T22:54:35.051682+00:00,False,True,True,False,False,False,0.14
Q033,chemistry,moderate,What is the atomic number of Arsenic?,33,"According to the periodic table, Arsenic has atomic number 33.",IUPAC periodic table,no_context,,mock,deterministic-demo-v1,"ANSWER: 33
CONFIDENCE: 0.92",33,0.92,31.05,27,2026-09-15T22:54:35.051734+00:00,False,True,False,True,True,False,0.07999999999999996
Q034,chemistry,moderate,What is the atomic number of Selenium?,34,"According to the periodic table, Selenium has atomic number 34.",IUPAC periodic table,clean,"According to the periodic table, Selenium has atomic number 34.",mock,deterministic-demo-v1,"ANSWER: 34
CONFIDENCE: 0.87",34,0.87,61.81,27,2026-09-15T22:54:35.051902+00:00,False,True,True,False,False,False,0.13
Q034,chemistry,moderate,What is the atomic number of Selenium?,34,"According to the periodic table, Selenium has atomic number 34.",IUPAC periodic table,missing,"According to the periodic table, Selenium is a chemical element.",mock,deterministic-demo-v1,"ANSWER: 34
CONFIDENCE: 0.91",34,0.91,76.54,27,2026-09-15T22:54:35.051961+00:00,False,True,False,True,True,False,0.08999999999999997
Q034,chemistry,moderate,What is the atomic number of Selenium?,34,"According to the periodic table, Selenium has atomic number 34.",IUPAC periodic table,irrelevant,"Water freezes at 0 degrees Celsius at standard pressure. A triangle has three sides. A leap year normally has 366 days. According to the periodic table, Selenium has atomic number 34.",mock,deterministic-demo-v1,"ANSWER: 34
CONFIDENCE: 0.82",34,0.82,47.54,27,2026-09-15T22:54:35.052021+00:00,False,True,True,False,False,False,0.18000000000000005
Q034,chemistry,moderate,What is the atomic number of Selenium?,34,"According to the periodic table, Selenium has atomic number 34.",IUPAC periodic table,duplicate_noise,"### RECORD ### According to the periodic table, Selenium has atomic number 34. [duplicate] According to the periodic table, Selenium has atomic number 34. !!! metadata=null; checksum=unknown",mock,deterministic-demo-v1,"ANSWER: 34
CONFIDENCE: 0.84",34,0.84,20.05,27,2026-09-15T22:54:35.052161+00:00,False,True,True,False,False,False,0.16000000000000003
Q034,chemistry,moderate,What is the atomic number of Selenium?,34,"According to the periodic table, Selenium has atomic number 34.",IUPAC periodic table,contradictory,"Source A states: According to the periodic table, Selenium has atomic number 34. Source B states: Selenium has atomic number 37.",mock,deterministic-demo-v1,"ANSWER: 37
CONFIDENCE: 0.62",37,0.62,18.09,27,2026-09-15T22:54:35.052279+00:00,False,False,True,False,True,False,0.62
Q034,chemistry,moderate,What is the atomic number of Selenium?,34,"According to the periodic table, Selenium has atomic number 34.",IUPAC periodic table,no_context,,mock,deterministic-demo-v1,"ANSWER: 35
CONFIDENCE: 0.81",35,0.81,20.37,27,2026-09-15T22:54:35.052338+00:00,False,False,False,True,True,False,0.81
Q035,chemistry,moderate,What is the atomic number of Bromine?,35,"According to the periodic table, Bromine has atomic number 35.",IUPAC periodic table,clean,"According to the periodic table, Bromine has atomic number 35.",mock,deterministic-demo-v1,"ANSWER: 35
CONFIDENCE: 0.96",35,0.96,64.62,27,2026-09-15T22:54:35.052546+00:00,False,True,True,False,False,False,0.040000000000000036
Q035,chemistry,moderate,What is the atomic number of Bromine?,35,"According to the periodic table, Bromine has atomic number 35.",IUPAC periodic table,missing,"According to the periodic table, Bromine is a chemical element.",mock,deterministic-demo-v1,"ANSWER: Insufficient information.
CONFIDENCE: 0.83",Insufficient information.,0.83,34.81,50,2026-09-15T22:54:35.052608+00:00,True,False,False,False,False,True,0.83
Q035,chemistry,moderate,What is the atomic number of Bromine?,35,"According to the periodic table, Bromine has atomic number 35.",IUPAC periodic table,irrelevant,"The Moon is Earth's natural satellite. The Pacific Ocean is Earth's largest ocean. Water freezes at 0 degrees Celsius at standard pressure. According to the periodic table, Bromine has atomic number 35.",mock,deterministic-demo-v1,"ANSWER: 35
CONFIDENCE: 0.94",35,0.94,34.78,27,2026-09-15T22:54:35.052670+00:00,False,True,True,False,False,False,0.06000000000000005
Q035,chemistry,moderate,What is the atomic number of Bromine?,35,"According to the periodic table, Bromine has atomic number 35.",IUPAC periodic table,duplicate_noise,"### RECORD ### According to the periodic table, Bromine has atomic number 35. [duplicate] According to the periodic table, Bromine has atomic number 35. !!! metadata=null; checksum=unknown",mock,deterministic-demo-v1,"ANSWER: 35
CONFIDENCE: 0.82",35,0.82,43.59,27,2026-09-15T22:54:35.052724+00:00,False,True,True,False,False,False,0.18000000000000005
Q035,chemistry,moderate,What is the atomic number of Bromine?,35,"According to the periodic table, Bromine has atomic number 35.",IUPAC periodic table,contradictory,"Source A states: According to the periodic table, Bromine has atomic number 35. Source B states: Bromine has atomic number 37.",mock,deterministic-demo-v1,"ANSWER: 34
CONFIDENCE: 0.71",34,0.71,46.45,27,2026-09-15T22:54:35.052817+00:00,False,False,True,False,True,False,0.71
Q035,chemistry,moderate,What is the atomic number of Bromine?,35,"According to the periodic table, Bromine has atomic number 35.",IUPAC periodic table,no_context,,mock,deterministic-demo-v1,"ANSWER: 35
CONFIDENCE: 0.65",35,0.65,31.2,27,2026-09-15T22:54:35.052872+00:00,False,True,False,True,True,False,0.35
Q036,chemistry,moderate,What is the atomic number of Krypton?,36,"According to the periodic table, Krypton has atomic number 36.",IUPAC periodic table,clean,"According to the periodic table, Krypton has atomic number 36.",mock,deterministic-demo-v1,"ANSWER: 36
CONFIDENCE: 0.89",36,0.89,59.26,27,2026-09-15T22:54:35.053011+00:00,False,True,True,False,False,False,0.10999999999999999
Q036,chemistry,moderate,What is the atomic number of Krypton?,36,"According to the periodic table, Krypton has atomic number 36.",IUPAC periodic table,missing,"According to the periodic table, Krypton is a chemical element.",mock,deterministic-demo-v1,"ANSWER: Insufficient information.
CONFIDENCE: 0.94",Insufficient information.,0.94,70.97,50,2026-09-15T22:54:35.053070+00:00,True,False,False,False,False,True,0.94
Q036,chemistry,moderate,What is the atomic number of Krypton?,36,"According to the periodic table, Krypton has atomic number 36.",IUPAC periodic table,irrelevant,"A triangle has three sides. A leap year normally has 366 days. The Moon is Earth's natural satellite. According to the periodic table, Krypton has atomic number 36.",mock,deterministic-demo-v1,"ANSWER: 36
CONFIDENCE: 0.78",36,0.78,68.51,27,2026-09-15T22:54:35.053185+00:00,False,True,True,False,False,False,0.21999999999999997
Q036,chemistry,moderate,What is the atomic number of Krypton?,36,"According to the periodic table, Krypton has atomic number 36.",IUPAC periodic table,duplicate_noise,"### RECORD ### According to the periodic table, Krypton has atomic number 36. [duplicate] According to the periodic table, Krypton has atomic number 36. !!! metadata=null; checksum=unknown",mock,deterministic-demo-v1,"ANSWER: 36
CONFIDENCE: 0.88",36,0.88,26.59,27,2026-09-15T22:54:35.053243+00:00,False,True,True,False,False,False,0.12
Q036,chemistry,moderate,What is the atomic number of Krypton?,36,"According to the periodic table, Krypton has atomic number 36.",IUPAC periodic table,contradictory,"Source A states: According to the periodic table, Krypton has atomic number 36. Source B states: Krypton has atomic number 33.",mock,deterministic-demo-v1,"ANSWER: 35
CONFIDENCE: 0.65",35,0.65,78.8,27,2026-09-15T22:54:35.053304+00:00,False,False,True,False,True,False,0.65
Q036,chemistry,moderate,What is the atomic number of Krypton?,36,"According to the periodic table, Krypton has atomic number 36.",IUPAC periodic table,no_context,,mock,deterministic-demo-v1,"ANSWER: 36
CONFIDENCE: 0.85",36,0.85,69.25,27,2026-09-15T22:54:35.053357+00:00,False,True,False,True,True,False,0.15000000000000002
Q037,chemistry,moderate,What is the atomic number of Rubidium?,37,"According to the periodic table, Rubidium has atomic number 37.",IUPAC periodic table,clean,"According to the periodic table, Rubidium has atomic number 37.",mock,deterministic-demo-v1,"ANSWER: 37
CONFIDENCE: 0.92",37,0.92,58.16,27,2026-09-15T22:54:35.053507+00:00,False,True,True,False,False,False,0.07999999999999996
Q037,chemistry,moderate,What is the atomic number of Rubidium?,37,"According to the periodic table, Rubidium has atomic number 37.",IUPAC periodic table,missing,"According to the periodic table, Rubidium is a chemical element.",mock,deterministic-demo-v1,"ANSWER: 37
CONFIDENCE: 0.86",37,0.86,56.51,27,2026-09-15T22:54:35.053567+00:00,False,True,False,True,True,False,0.14
Q037,chemistry,moderate,What is the atomic number of Rubidium?,37,"According to the periodic table, Rubidium has atomic number 37.",IUPAC periodic table,irrelevant,"The Pacific Ocean is Earth's largest ocean. The Moon is Earth's natural satellite. A leap year normally has 366 days. According to the periodic table, Rubidium has atomic number 37.",mock,deterministic-demo-v1,"ANSWER: 37
CONFIDENCE: 0.93",37,0.93,77.98,27,2026-09-15T22:54:35.053676+00:00,False,True,True,False,False,False,0.06999999999999995
Q037,chemistry,moderate,What is the atomic number of Rubidium?,37,"According to the periodic table, Rubidium has atomic number 37.",IUPAC periodic table,duplicate_noise,"### RECORD ### According to the periodic table, Rubidium has atomic number 37. [duplicate] According to the periodic table, Rubidium has atomic number 37. !!! metadata=null; checksum=unknown",mock,deterministic-demo-v1,"ANSWER: 37
CONFIDENCE: 0.66",37,0.66,30.73,27,2026-09-15T22:54:35.053757+00:00,False,True,True,False,False,False,0.33999999999999997
Q037,chemistry,moderate,What is the atomic number of Rubidium?,37,"According to the periodic table, Rubidium has atomic number 37.",IUPAC periodic table,contradictory,"Source A states: According to the periodic table, Rubidium has atomic number 37. Source B states: Rubidium has atomic number 38.",mock,deterministic-demo-v1,"ANSWER: 37
CONFIDENCE: 0.80",37,0.8,50.42,27,2026-09-15T22:54:35.053820+00:00,False,True,True,False,False,False,0.19999999999999996
Q037,chemistry,moderate,What is the atomic number of Rubidium?,37,"According to the periodic table, Rubidium has atomic number 37.",IUPAC periodic table,no_context,,mock,deterministic-demo-v1,"ANSWER: Insufficient information.
CONFIDENCE: 0.59",Insufficient information.,0.59,60.12,50,2026-09-15T22:54:35.053874+00:00,True,False,False,False,False,True,0.59
Q038,chemistry,moderate,What is the atomic number of Strontium?,38,"According to the periodic table, Strontium has atomic number 38.",IUPAC periodic table,clean,"According to the periodic table, Strontium has atomic number 38.",mock,deterministic-demo-v1,"ANSWER: 38
CONFIDENCE: 0.95",38,0.95,41.3,27,2026-09-15T22:54:35.054013+00:00,False,True,True,False,False,False,0.050000000000000044
Q038,chemistry,moderate,What is the atomic number of Strontium?,38,"According to the periodic table, Strontium has atomic number 38.",IUPAC periodic table,missing,"According to the periodic table, Strontium is a chemical element.",mock,deterministic-demo-v1,"ANSWER: Insufficient information.
CONFIDENCE: 0.85",Insufficient information.,0.85,52.55,50,2026-09-15T22:54:35.054072+00:00,True,False,False,False,False,True,0.85
Q038,chemistry,moderate,What is the atomic number of Strontium?,38,"According to the periodic table, Strontium has atomic number 38.",IUPAC periodic table,irrelevant,"The Moon is Earth's natural satellite. Water freezes at 0 degrees Celsius at standard pressure. A leap year normally has 366 days. According to the periodic table, Strontium has atomic number 38.",mock,deterministic-demo-v1,"ANSWER: 38
CONFIDENCE: 0.71",38,0.71,45.32,27,2026-09-15T22:54:35.054175+00:00,False,True,True,False,False,False,0.29000000000000004
Q038,chemistry,moderate,What is the atomic number of Strontium?,38,"According to the periodic table, Strontium has atomic number 38.",IUPAC periodic table,duplicate_noise,"### RECORD ### According to the periodic table, Strontium has atomic number 38. [duplicate] According to the periodic table, Strontium has atomic number 38. !!! metadata=null; checksum=unknown",mock,deterministic-demo-v1,"ANSWER: 38
CONFIDENCE: 0.94",38,0.94,19.2,27,2026-09-15T22:54:35.054229+00:00,False,True,True,False,False,False,0.06000000000000005
Q038,chemistry,moderate,What is the atomic number of Strontium?,38,"According to the periodic table, Strontium has atomic number 38.",IUPAC periodic table,contradictory,"Source A states: According to the periodic table, Strontium has atomic number 38. Source B states: Strontium has atomic number 37.",mock,deterministic-demo-v1,"ANSWER: 37
CONFIDENCE: 0.69",37,0.69,67.05,27,2026-09-15T22:54:35.054289+00:00,False,False,True,False,True,False,0.69
Q038,chemistry,moderate,What is the atomic number of Strontium?,38,"According to the periodic table, Strontium has atomic number 38.",IUPAC periodic table,no_context,,mock,deterministic-demo-v1,"ANSWER: Insufficient information.
CONFIDENCE: 0.70",Insufficient information.,0.7,76.96,50,2026-09-15T22:54:35.054342+00:00,True,False,False,False,False,True,0.7
Q039,chemistry,moderate,What is the atomic number of Yttrium?,39,"According to the periodic table, Yttrium has atomic number 39.",IUPAC periodic table,clean,"According to the periodic table, Yttrium has atomic number 39.",mock,deterministic-demo-v1,"ANSWER: 39
CONFIDENCE: 0.88",39,0.88,45.33,27,2026-09-15T22:54:35.054526+00:00,False,True,True,False,False,False,0.12
Q039,chemistry,moderate,What is the atomic number of Yttrium?,39,"According to the periodic table, Yttrium has atomic number 39.",IUPAC periodic table,missing,"According to the periodic table, Yttrium is a chemical element.",mock,deterministic-demo-v1,"ANSWER: Insufficient information.
CONFIDENCE: 0.80",Insufficient information.,0.8,71.22,50,2026-09-15T22:54:35.054587+00:00,True,False,False,False,False,True,0.8
Q039,chemistry,moderate,What is the atomic number of Yttrium?,39,"According to the periodic table, Yttrium has atomic number 39.",IUPAC periodic table,irrelevant,"A leap year normally has 366 days. The Moon is Earth's natural satellite. Water freezes at 0 degrees Celsius at standard pressure. According to the periodic table, Yttrium has atomic number 39.",mock,deterministic-demo-v1,"ANSWER: 42
CONFIDENCE: 0.90",42,0.9,76.13,27,2026-09-15T22:54:35.054650+00:00,False,False,True,False,True,False,0.9
Q039,chemistry,moderate,What is the atomic number of Yttrium?,39,"According to the periodic table, Yttrium has atomic number 39.",IUPAC periodic table,duplicate_noise,"### RECORD ### According to the periodic table, Yttrium has atomic number 39. [duplicate] According to the periodic table, Yttrium has atomic number 39. !!! metadata=null; checksum=unknown",mock,deterministic-demo-v1,"ANSWER: 39
CONFIDENCE: 0.84",39,0.84,74.32,27,2026-09-15T22:54:35.054703+00:00,False,True,True,False,False,False,0.16000000000000003
Q039,chemistry,moderate,What is the atomic number of Yttrium?,39,"According to the periodic table, Yttrium has atomic number 39.",IUPAC periodic table,contradictory,"Source A states: According to the periodic table, Yttrium has atomic number 39. Source B states: Yttrium has atomic number 37.",mock,deterministic-demo-v1,"ANSWER: 42
CONFIDENCE: 0.75",42,0.75,26.76,27,2026-09-15T22:54:35.054762+00:00,False,False,True,False,True,False,0.75
Q039,chemistry,moderate,What is the atomic number of Yttrium?,39,"According to the periodic table, Yttrium has atomic number 39.",IUPAC periodic table,no_context,,mock,deterministic-demo-v1,"ANSWER: 41
CONFIDENCE: 0.70",41,0.7,74.63,27,2026-09-15T22:54:35.054817+00:00,False,False,False,True,True,False,0.7
Q040,chemistry,moderate,What is the atomic number of Zirconium?,40,"According to the periodic table, Zirconium has atomic number 40.",IUPAC periodic table,clean,"According to the periodic table, Zirconium has atomic number 40.",mock,deterministic-demo-v1,"ANSWER: 40
CONFIDENCE: 0.94",40,0.94,43.68,27,2026-09-15T22:54:35.054998+00:00,False,True,True,False,False,False,0.06000000000000005
Q040,chemistry,moderate,What is the atomic number of Zirconium?,40,"According to the periodic table, Zirconium has atomic number 40.",IUPAC periodic table,missing,"According to the periodic table, Zirconium is a chemical element.",mock,deterministic-demo-v1,"ANSWER: Insufficient information.
CONFIDENCE: 0.82",Insufficient information.,0.82,42.29,50,2026-09-15T22:54:35.055059+00:00,True,False,False,False,False,True,0.82
Q040,chemistry,moderate,What is the atomic number of Zirconium?,40,"According to the periodic table, Zirconium has atomic number 40.",IUPAC periodic table,irrelevant,"Water freezes at 0 degrees Celsius at standard pressure. The Pacific Ocean is Earth's largest ocean. A leap year normally has 366 days. According to the periodic table, Zirconium has atomic number 40.",mock,deterministic-demo-v1,"ANSWER: 43
CONFIDENCE: 0.73",43,0.73,36.37,27,2026-09-15T22:54:35.055152+00:00,False,False,True,False,True,False,0.73
Q040,chemistry,moderate,What is the atomic number of Zirconium?,40,"According to the periodic table, Zirconium has atomic number 40.",IUPAC periodic table,duplicate_noise,"### RECORD ### According to the periodic table, Zirconium has atomic number 40. [duplicate] According to the periodic table, Zirconium has atomic number 40. !!! metadata=null; checksum=unknown",mock,deterministic-demo-v1,"ANSWER: 40
CONFIDENCE: 0.93",40,0.93,49.44,27,2026-09-15T22:54:35.055243+00:00,False,True,True,False,False,False,0.06999999999999995
Q040,chemistry,moderate,What is the atomic number of Zirconium?,40,"According to the periodic table, Zirconium has atomic number 40.",IUPAC periodic table,contradictory,"Source A states: According to the periodic table, Zirconium has atomic number 40. Source B states: Zirconium has atomic number 41.",mock,deterministic-demo-v1,"ANSWER: 40
CONFIDENCE: 0.84",40,0.84,58.68,27,2026-09-15T22:54:35.055330+00:00,False,True,True,False,False,False,0.16000000000000003
Q040,chemistry,moderate,What is the atomic number of Zirconium?,40,"According to the periodic table, Zirconium has atomic number 40.",IUPAC periodic table,no_context,,mock,deterministic-demo-v1,"ANSWER: 40
CONFIDENCE: 0.70",40,0.7,69.42,27,2026-09-15T22:54:35.055383+00:00,False,True,False,True,True,False,0.30000000000000004
Q041,chemistry,moderate,What is the atomic number of Niobium?,41,"According to the periodic table, Niobium has atomic number 41.",IUPAC periodic table,clean,"According to the periodic table, Niobium has atomic number 41.",mock,deterministic-demo-v1,"ANSWER: 41
CONFIDENCE: 0.90",41,0.9,49.98,27,2026-09-15T22:54:35.055524+00:00,False,True,True,False,False,False,0.09999999999999998
Q041,chemistry,moderate,What is the atomic number of Niobium?,41,"According to the periodic table, Niobium has atomic number 41.",IUPAC periodic table,missing,"According to the periodic table, Niobium is a chemical element.",mock,deterministic-demo-v1,"ANSWER: Insufficient information.
CONFIDENCE: 0.88",Insufficient information.,0.88,27.65,50,2026-09-15T22:54:35.055584+00:00,True,False,False,False,False,True,0.88
Q041,chemistry,moderate,What is the atomic number of Niobium?,41,"According to the periodic table, Niobium has atomic number 41.",IUPAC periodic table,irrelevant,"Water freezes at 0 degrees Celsius at standard pressure. A leap year normally has 366 days. The Pacific Ocean is Earth's largest ocean. According to the periodic table, Niobium has atomic number 41.",mock,deterministic-demo-v1,"ANSWER: 41
CONFIDENCE: 0.69",41,0.69,68.17,27,2026-09-15T22:54:35.055644+00:00,False,True,True,False,False,False,0.31000000000000005
Q041,chemistry,moderate,What is the atomic number of Niobium?,41,"According to the periodic table, Niobium has atomic number 41.",IUPAC periodic table,duplicate_noise,"### RECORD ### According to the periodic table, Niobium has atomic number 41. [duplicate] According to the periodic table, Niobium has atomic number 41. !!! metadata=null; checksum=unknown",mock,deterministic-demo-v1,"ANSWER: 41
CONFIDENCE: 0.67",41,0.67,70.64,27,2026-09-15T22:54:35.055697+00:00,False,True,True,False,False,False,0.32999999999999996
Q041,chemistry,moderate,What is the atomic number of Niobium?,41,"According to the periodic table, Niobium has atomic number 41.",IUPAC periodic table,contradictory,"Source A states: According to the periodic table, Niobium has atomic number 41. Source B states: Niobium has atomic number 42.",mock,deterministic-demo-v1,"ANSWER: 37
CONFIDENCE: 0.62",37,0.62,50.57,27,2026-09-15T22:54:35.055795+00:00,False,False,True,False,True,False,0.62
Q041,chemistry,moderate,What is the atomic number of Niobium?,41,"According to the periodic table, Niobium has atomic number 41.",IUPAC periodic table,no_context,,mock,deterministic-demo-v1,"ANSWER: 41
CONFIDENCE: 0.90",41,0.9,58.41,27,2026-09-15T22:54:35.055854+00:00,False,True,False,True,True,False,0.09999999999999998
Q042,chemistry,moderate,What is the atomic number of Molybdenum?,42,"According to the periodic table, Molybdenum has atomic number 42.",IUPAC periodic table,clean,"According to the periodic table, Molybdenum has atomic number 42.",mock,deterministic-demo-v1,"ANSWER: 42
CONFIDENCE: 0.84",42,0.84,62.81,27,2026-09-15T22:54:35.055989+00:00,False,True,True,False,False,False,0.16000000000000003
Q042,chemistry,moderate,What is the atomic number of Molybdenum?,42,"According to the periodic table, Molybdenum has atomic number 42.",IUPAC periodic table,missing,"According to the periodic table, Molybdenum is a chemical element.",mock,deterministic-demo-v1,"ANSWER: Insufficient information.
CONFIDENCE: 0.83",Insufficient information.,0.83,38.12,50,2026-09-15T22:54:35.056050+00:00,True,False,False,False,False,True,0.83
Q042,chemistry,moderate,What is the atomic number of Molybdenum?,42,"According to the periodic table, Molybdenum has atomic number 42.",IUPAC periodic table,irrelevant,"Water freezes at 0 degrees Celsius at standard pressure. A leap year normally has 366 days. The Moon is Earth's natural satellite. According to the periodic table, Molybdenum has atomic number 42.",mock,deterministic-demo-v1,"ANSWER: 46
CONFIDENCE: 0.63",46,0.63,47.31,27,2026-09-15T22:54:35.056226+00:00,False,False,True,False,True,False,0.63
Q042,chemistry,moderate,What is the atomic number of Molybdenum?,42,"According to the periodic table, Molybdenum has atomic number 42.",IUPAC periodic table,duplicate_noise,"### RECORD ### According to the periodic table, Molybdenum has atomic number 42. [duplicate] According to the periodic table, Molybdenum has atomic number 42. !!! metadata=null; checksum=unknown",mock,deterministic-demo-v1,"ANSWER: 42
CONFIDENCE: 0.78",42,0.78,18.47,27,2026-09-15T22:54:35.056284+00:00,False,True,True,False,False,False,0.21999999999999997
Q042,chemistry,moderate,What is the atomic number of Molybdenum?,42,"According to the periodic table, Molybdenum has atomic number 42.",IUPAC periodic table,contradictory,"Source A states: According to the periodic table, Molybdenum has atomic number 42. Source B states: Molybdenum has atomic number 45.",mock,deterministic-demo-v1,"ANSWER: 42
CONFIDENCE: 0.71",42,0.71,47.04,27,2026-09-15T22:54:35.056343+00:00,False,True,True,False,False,False,0.29000000000000004
Q042,chemistry,moderate,What is the atomic number of Molybdenum?,42,"According to the periodic table, Molybdenum has atomic number 42.",IUPAC periodic table,no_context,,mock,deterministic-demo-v1,"ANSWER: 42
CONFIDENCE: 0.92",42,0.92,23.05,27,2026-09-15T22:54:35.056425+00:00,False,True,False,True,True,False,0.07999999999999996
Q043,chemistry,moderate,What is the atomic number of Technetium?,43,"According to the periodic table, Technetium has atomic number 43.",IUPAC periodic table,clean,"According to the periodic table, Technetium has atomic number 43.",mock,deterministic-demo-v1,"ANSWER: 43
CONFIDENCE: 0.95",43,0.95,67.75,27,2026-09-15T22:54:35.056575+00:00,False,True,True,False,False,False,0.050000000000000044
Q043,chemistry,moderate,What is the atomic number of Technetium?,43,"According to the periodic table, Technetium has atomic number 43.",IUPAC periodic table,missing,"According to the periodic table, Technetium is a chemical element.",mock,deterministic-demo-v1,"ANSWER: 43
CONFIDENCE: 0.68",43,0.68,77.75,27,2026-09-15T22:54:35.056636+00:00,False,True,False,True,True,False,0.31999999999999995
Q043,chemistry,moderate,What is the atomic number of Technetium?,43,"According to the periodic table, Technetium has atomic number 43.",IUPAC periodic table,irrelevant,"Water freezes at 0 degrees Celsius at standard pressure. A triangle has three sides. A leap year normally has 366 days. According to the periodic table, Technetium has atomic number 43.",mock,deterministic-demo-v1,"ANSWER: 43
CONFIDENCE: 0.91",43,0.91,21.94,27,2026-09-15T22:54:35.056696+00:00,False,True,True,False,False,False,0.08999999999999997
Q043,chemistry,moderate,What is the atomic number of Technetium?,43,"According to the periodic table, Technetium has atomic number 43.",IUPAC periodic table,duplicate_noise,"### RECORD ### According to the periodic table, Technetium has atomic number 43. [duplicate] According to the periodic table, Technetium has atomic number 43. !!! metadata=null; checksum=unknown",mock,deterministic-demo-v1,"ANSWER: 43
CONFIDENCE: 0.80",43,0.8,56.42,27,2026-09-15T22:54:35.056749+00:00,False,True,True,False,False,False,0.19999999999999996
Q043,chemistry,moderate,What is the atomic number of Technetium?,43,"According to the periodic table, Technetium has atomic number 43.",IUPAC periodic table,contradictory,"Source A states: According to the periodic table, Technetium has atomic number 43. Source B states: Technetium has atomic number 40.",mock,deterministic-demo-v1,"ANSWER: 44
CONFIDENCE: 0.73",44,0.73,57.41,27,2026-09-15T22:54:35.056809+00:00,False,False,True,False,True,False,0.73
Q043,chemistry,moderate,What is the atomic number of Technetium?,43,"According to the periodic table, Technetium has atomic number 43.",IUPAC periodic table,no_context,,mock,deterministic-demo-v1,"ANSWER: 47
CONFIDENCE: 0.74",47,0.74,52.48,27,2026-09-15T22:54:35.056863+00:00,False,False,False,True,True,False,0.74
Q044,chemistry,moderate,What is the atomic number of Ruthenium?,44,"According to the periodic table, Ruthenium has atomic number 44.",IUPAC periodic table,clean,"According to the periodic table, Ruthenium has atomic number 44.",mock,deterministic-demo-v1,"ANSWER: 44
CONFIDENCE: 0.84",44,0.84,19.78,27,2026-09-15T22:54:35.057042+00:00,False,True,True,False,False,False,0.16000000000000003
Q044,chemistry,moderate,What is the atomic number of Ruthenium?,44,"According to the periodic table, Ruthenium has atomic number 44.",IUPAC periodic table,missing,"According to the periodic table, Ruthenium is a chemical element.",mock,deterministic-demo-v1,"ANSWER: Insufficient information.
CONFIDENCE: 0.71",Insufficient information.,0.71,29.0,50,2026-09-15T22:54:35.057139+00:00,True,False,False,False,False,True,0.71
Q044,chemistry,moderate,What is the atomic number of Ruthenium?,44,"According to the periodic table, Ruthenium has atomic number 44.",IUPAC periodic table,irrelevant,"The Pacific Ocean is Earth's largest ocean. A leap year normally has 366 days. A triangle has three sides. According to the periodic table, Ruthenium has atomic number 44.",mock,deterministic-demo-v1,"ANSWER: 40
CONFIDENCE: 0.70",40,0.7,18.87,27,2026-09-15T22:54:35.057210+00:00,False,False,True,False,True,False,0.7
Q044,chemistry,moderate,What is the atomic number of Ruthenium?,44,"According to the periodic table, Ruthenium has atomic number 44.",IUPAC periodic table,duplicate_noise,"### RECORD ### According to the periodic table, Ruthenium has atomic number 44. [duplicate] According to the periodic table, Ruthenium has atomic number 44. !!! metadata=null; checksum=unknown",mock,deterministic-demo-v1,"ANSWER: 44
CONFIDENCE: 0.83",44,0.83,25.92,27,2026-09-15T22:54:35.057265+00:00,False,True,True,False,False,False,0.17000000000000004
Q044,chemistry,moderate,What is the atomic number of Ruthenium?,44,"According to the periodic table, Ruthenium has atomic number 44.",IUPAC periodic table,contradictory,"Source A states: According to the periodic table, Ruthenium has atomic number 44. Source B states: Ruthenium has atomic number 45.",mock,deterministic-demo-v1,"ANSWER: 44
CONFIDENCE: 0.83",44,0.83,41.32,27,2026-09-15T22:54:35.057323+00:00,False,True,True,False,False,False,0.17000000000000004
Q044,chemistry,moderate,What is the atomic number of Ruthenium?,44,"According to the periodic table, Ruthenium has atomic number 44.",IUPAC periodic table,no_context,,mock,deterministic-demo-v1,"ANSWER: 44
CONFIDENCE: 0.65",44,0.65,65.57,27,2026-09-15T22:54:35.057377+00:00,False,True,False,True,True,False,0.35
Q045,chemistry,moderate,What is the atomic number of Rhodium?,45,"According to the periodic table, Rhodium has atomic number 45.",IUPAC periodic table,clean,"According to the periodic table, Rhodium has atomic number 45.",mock,deterministic-demo-v1,"ANSWER: 45
CONFIDENCE: 0.82",45,0.82,56.13,27,2026-09-15T22:54:35.057512+00:00,False,True,True,False,False,False,0.18000000000000005
Q045,chemistry,moderate,What is the atomic number of Rhodium?,45,"According to the periodic table, Rhodium has atomic number 45.",IUPAC periodic table,missing,"According to the periodic table, Rhodium is a chemical element.",mock,deterministic-demo-v1,"ANSWER: Insufficient information.
CONFIDENCE: 0.78",Insufficient information.,0.78,50.64,50,2026-09-15T22:54:35.057571+00:00,True,False,False,False,False,True,0.78
Q045,chemistry,moderate,What is the atomic number of Rhodium?,45,"According to the periodic table, Rhodium has atomic number 45.",IUPAC periodic table,irrelevant,"A leap year normally has 366 days. A triangle has three sides. The Moon is Earth's natural satellite. According to the periodic table, Rhodium has atomic number 45.",mock,deterministic-demo-v1,"ANSWER: 45
CONFIDENCE: 0.76",45,0.76,70.33,27,2026-09-15T22:54:35.057631+00:00,False,True,True,False,False,False,0.24
Q045,chemistry,moderate,What is the atomic number of Rhodium?,45,"According to the periodic table, Rhodium has atomic number 45.",IUPAC periodic table,duplicate_noise,"### RECORD ### According to the periodic table, Rhodium has atomic number 45. [duplicate] According to the periodic table, Rhodium has atomic number 45. !!! metadata=null; checksum=unknown",mock,deterministic-demo-v1,"ANSWER: 45
CONFIDENCE: 0.93",45,0.93,57.72,27,2026-09-15T22:54:35.057683+00:00,False,True,True,False,False,False,0.06999999999999995
Q045,chemistry,moderate,What is the atomic number of Rhodium?,45,"According to the periodic table, Rhodium has atomic number 45.",IUPAC periodic table,contradictory,"Source A states: According to the periodic table, Rhodium has atomic number 45. Source B states: Rhodium has atomic number 43.",mock,deterministic-demo-v1,"ANSWER: 47
CONFIDENCE: 0.75",47,0.75,59.5,27,2026-09-15T22:54:35.057788+00:00,False,False,True,False,True,False,0.75
Q045,chemistry,moderate,What is the atomic number of Rhodium?,45,"According to the periodic table, Rhodium has atomic number 45.",IUPAC periodic table,no_context,,mock,deterministic-demo-v1,"ANSWER: 48
CONFIDENCE: 0.86",48,0.86,52.38,27,2026-09-15T22:54:35.057870+00:00,False,False,False,True,True,False,0.86
Q046,chemistry,moderate,What is the atomic number of Palladium?,46,"According to the periodic table, Palladium has atomic number 46.",IUPAC periodic table,clean,"According to the periodic table, Palladium has atomic number 46.",mock,deterministic-demo-v1,"ANSWER: 46
CONFIDENCE: 0.87",46,0.87,57.21,27,2026-09-15T22:54:35.058016+00:00,False,True,True,False,False,False,0.13
Q046,chemistry,moderate,What is the atomic number of Palladium?,46,"According to the periodic table, Palladium has atomic number 46.",IUPAC periodic table,missing,"According to the periodic table, Palladium is a chemical element.",mock,deterministic-demo-v1,"ANSWER: Insufficient information.
CONFIDENCE: 0.82",Insufficient information.,0.82,51.84,50,2026-09-15T22:54:35.058076+00:00,True,False,False,False,False,True,0.82
Q046,chemistry,moderate,What is the atomic number of Palladium?,46,"According to the periodic table, Palladium has atomic number 46.",IUPAC periodic table,irrelevant,"A leap year normally has 366 days. A triangle has three sides. The Pacific Ocean is Earth's largest ocean. According to the periodic table, Palladium has atomic number 46.",mock,deterministic-demo-v1,"ANSWER: 46
CONFIDENCE: 0.84",46,0.84,26.39,27,2026-09-15T22:54:35.058201+00:00,False,True,True,False,False,False,0.16000000000000003
Q046,chemistry,moderate,What is the atomic number of Palladium?,46,"According to the periodic table, Palladium has atomic number 46.",IUPAC periodic table,duplicate_noise,"### RECORD ### According to the periodic table, Palladium has atomic number 46. [duplicate] According to the periodic table, Palladium has atomic number 46. !!! metadata=null; checksum=unknown",mock,deterministic-demo-v1,"ANSWER: 48
CONFIDENCE: 0.67",48,0.67,71.34,27,2026-09-15T22:54:35.058264+00:00,False,False,True,False,True,False,0.67
Q046,chemistry,moderate,What is the atomic number of Palladium?,46,"According to the periodic table, Palladium has atomic number 46.",IUPAC periodic table,contradictory,"Source A states: According to the periodic table, Palladium has atomic number 46. Source B states: Palladium has atomic number 49.",mock,deterministic-demo-v1,"ANSWER: 42
CONFIDENCE: 0.89",42,0.89,43.56,27,2026-09-15T22:54:35.058324+00:00,False,False,True,False,True,False,0.89
Q046,chemistry,moderate,What is the atomic number of Palladium?,46,"According to the periodic table, Palladium has atomic number 46.",IUPAC periodic table,no_context,,mock,deterministic-demo-v1,"ANSWER: Insufficient information.
CONFIDENCE: 0.74",Insufficient information.,0.74,26.17,50,2026-09-15T22:54:35.058378+00:00,True,False,False,False,False,True,0.74
Q047,chemistry,moderate,What is the atomic number of Silver?,47,"According to the periodic table, Silver has atomic number 47.",IUPAC periodic table,clean,"According to the periodic table, Silver has atomic number 47.",mock,deterministic-demo-v1,"ANSWER: 47
CONFIDENCE: 0.82",47,0.82,36.03,27,2026-09-15T22:54:35.058519+00:00,False,True,True,False,False,False,0.18000000000000005
Q047,chemistry,moderate,What is the atomic number of Silver?,47,"According to the periodic table, Silver has atomic number 47.",IUPAC periodic table,missing,"According to the periodic table, Silver is a chemical element.",mock,deterministic-demo-v1,"ANSWER: Insufficient information.
CONFIDENCE: 0.72",Insufficient information.,0.72,57.83,50,2026-09-15T22:54:35.058579+00:00,True,False,False,False,False,True,0.72
Q047,chemistry,moderate,What is the atomic number of Silver?,47,"According to the periodic table, Silver has atomic number 47.",IUPAC periodic table,irrelevant,"The Moon is Earth's natural satellite. Water freezes at 0 degrees Celsius at standard pressure. The Pacific Ocean is Earth's largest ocean. According to the periodic table, Silver has atomic number 47.",mock,deterministic-demo-v1,"ANSWER: 47
CONFIDENCE: 0.76",47,0.76,58.5,27,2026-09-15T22:54:35.058684+00:00,False,True,True,False,False,False,0.24
Q047,chemistry,moderate,What is the atomic number of Silver?,47,"According to the periodic table, Silver has atomic number 47.",IUPAC periodic table,duplicate_noise,"### RECORD ### According to the periodic table, Silver has atomic number 47. [duplicate] According to the periodic table, Silver has atomic number 47. !!! metadata=null; checksum=unknown",mock,deterministic-demo-v1,"ANSWER: 50
CONFIDENCE: 0.77",50,0.77,44.96,27,2026-09-15T22:54:35.058741+00:00,False,False,True,False,True,False,0.77
Q047,chemistry,moderate,What is the atomic number of Silver?,47,"According to the periodic table, Silver has atomic number 47.",IUPAC periodic table,contradictory,"Source A states: According to the periodic table, Silver has atomic number 47. Source B states: Silver has atomic number 48.",mock,deterministic-demo-v1,"ANSWER: 47
CONFIDENCE: 0.83",47,0.83,77.78,27,2026-09-15T22:54:35.058798+00:00,False,True,True,False,False,False,0.17000000000000004
Q047,chemistry,moderate,What is the atomic number of Silver?,47,"According to the periodic table, Silver has atomic number 47.",IUPAC periodic table,no_context,,mock,deterministic-demo-v1,"ANSWER: Insufficient information.
CONFIDENCE: 0.84",Insufficient information.,0.84,51.67,50,2026-09-15T22:54:35.058884+00:00,True,False,False,False,False,True,0.84
Q048,chemistry,moderate,What is the atomic number of Cadmium?,48,"According to the periodic table, Cadmium has atomic number 48.",IUPAC periodic table,clean,"According to the periodic table, Cadmium has atomic number 48.",mock,deterministic-demo-v1,"ANSWER: 48
CONFIDENCE: 0.86",48,0.86,62.94,27,2026-09-15T22:54:35.059023+00:00,False,True,True,False,False,False,0.14
Q048,chemistry,moderate,What is the atomic number of Cadmium?,48,"According to the periodic table, Cadmium has atomic number 48.",IUPAC periodic table,missing,"According to the periodic table, Cadmium is a chemical element.",mock,deterministic-demo-v1,"ANSWER: Insufficient information.
CONFIDENCE: 0.74",Insufficient information.,0.74,38.09,50,2026-09-15T22:54:35.059082+00:00,True,False,False,False,False,True,0.74
Q048,chemistry,moderate,What is the atomic number of Cadmium?,48,"According to the periodic table, Cadmium has atomic number 48.",IUPAC periodic table,irrelevant,"Water freezes at 0 degrees Celsius at standard pressure. The Pacific Ocean is Earth's largest ocean. A leap year normally has 366 days. According to the periodic table, Cadmium has atomic number 48.",mock,deterministic-demo-v1,"ANSWER: 48
CONFIDENCE: 0.67",48,0.67,36.26,27,2026-09-15T22:54:35.059179+00:00,False,True,True,False,False,False,0.32999999999999996
Q048,chemistry,moderate,What is the atomic number of Cadmium?,48,"According to the periodic table, Cadmium has atomic number 48.",IUPAC periodic table,duplicate_noise,"### RECORD ### According to the periodic table, Cadmium has atomic number 48. [duplicate] According to the periodic table, Cadmium has atomic number 48. !!! metadata=null; checksum=unknown",mock,deterministic-demo-v1,"ANSWER: 48
CONFIDENCE: 0.72",48,0.72,56.92,27,2026-09-15T22:54:35.059233+00:00,False,True,True,False,False,False,0.28
Q048,chemistry,moderate,What is the atomic number of Cadmium?,48,"According to the periodic table, Cadmium has atomic number 48.",IUPAC periodic table,contradictory,"Source A states: According to the periodic table, Cadmium has atomic number 48. Source B states: Cadmium has atomic number 51.",mock,deterministic-demo-v1,"ANSWER: 48
CONFIDENCE: 0.87",48,0.87,76.41,27,2026-09-15T22:54:35.059291+00:00,False,True,True,False,False,False,0.13
Q048,chemistry,moderate,What is the atomic number of Cadmium?,48,"According to the periodic table, Cadmium has atomic number 48.",IUPAC periodic table,no_context,,mock,deterministic-demo-v1,"ANSWER: 45
CONFIDENCE: 0.61",45,0.61,51.3,27,2026-09-15T22:54:35.059347+00:00,False,False,False,True,True,False,0.61
Q049,chemistry,moderate,What is the atomic number of Indium?,49,"According to the periodic table, Indium has atomic number 49.",IUPAC periodic table,clean,"According to the periodic table, Indium has atomic number 49.",mock,deterministic-demo-v1,"ANSWER: 49
CONFIDENCE: 0.88",49,0.88,45.0,27,2026-09-15T22:54:35.059531+00:00,False,True,True,False,False,False,0.12
Q049,chemistry,moderate,What is the atomic number of Indium?,49,"According to the periodic table, Indium has atomic number 49.",IUPAC periodic table,missing,"According to the periodic table, Indium is a chemical element.",mock,deterministic-demo-v1,"ANSWER: Insufficient information.
CONFIDENCE: 0.75",Insufficient information.,0.75,30.62,50,2026-09-15T22:54:35.059592+00:00,True,False,False,False,False,True,0.75
Q049,chemistry,moderate,What is the atomic number of Indium?,49,"According to the periodic table, Indium has atomic number 49.",IUPAC periodic table,irrelevant,"A triangle has three sides. The Pacific Ocean is Earth's largest ocean. Water freezes at 0 degrees Celsius at standard pressure. According to the periodic table, Indium has atomic number 49.",mock,deterministic-demo-v1,"ANSWER: 49
CONFIDENCE: 0.76",49,0.76,38.52,27,2026-09-15T22:54:35.059654+00:00,False,True,True,False,False,False,0.24
Q049,chemistry,moderate,What is the atomic number of Indium?,49,"According to the periodic table, Indium has atomic number 49.",IUPAC periodic table,duplicate_noise,"### RECORD ### According to the periodic table, Indium has atomic number 49. [duplicate] According to the periodic table, Indium has atomic number 49. !!! metadata=null; checksum=unknown",mock,deterministic-demo-v1,"ANSWER: 49
CONFIDENCE: 0.67",49,0.67,67.32,27,2026-09-15T22:54:35.059707+00:00,False,True,True,False,False,False,0.32999999999999996
Q049,chemistry,moderate,What is the atomic number of Indium?,49,"According to the periodic table, Indium has atomic number 49.",IUPAC periodic table,contradictory,"Source A states: According to the periodic table, Indium has atomic number 49. Source B states: Indium has atomic number 47.",mock,deterministic-demo-v1,"ANSWER: 49
CONFIDENCE: 0.90",49,0.9,45.95,27,2026-09-15T22:54:35.059764+00:00,False,True,True,False,False,False,0.09999999999999998
Q049,chemistry,moderate,What is the atomic number of Indium?,49,"According to the periodic table, Indium has atomic number 49.",IUPAC periodic table,no_context,,mock,deterministic-demo-v1,"ANSWER: Insufficient information.
CONFIDENCE: 0.60",Insufficient information.,0.6,24.22,50,2026-09-15T22:54:35.059817+00:00,True,False,False,False,False,True,0.6
Q050,chemistry,moderate,What is the atomic number of Tin?,50,"According to the periodic table, Tin has atomic number 50.",IUPAC periodic table,clean,"According to the periodic table, Tin has atomic number 50.",mock,deterministic-demo-v1,"ANSWER: 50
CONFIDENCE: 0.92",50,0.92,40.42,27,2026-09-15T22:54:35.059939+00:00,False,True,True,False,False,False,0.07999999999999996
Q050,chemistry,moderate,What is the atomic number of Tin?,50,"According to the periodic table, Tin has atomic number 50.",IUPAC periodic table,missing,"According to the periodic table, Tin is a chemical element.",mock,deterministic-demo-v1,"ANSWER: Insufficient information.
CONFIDENCE: 0.92",Insufficient information.,0.92,19.69,50,2026-09-15T22:54:35.060040+00:00,True,False,False,False,False,True,0.92
Q050,chemistry,moderate,What is the atomic number of Tin?,50,"According to the periodic table, Tin has atomic number 50.",IUPAC periodic table,irrelevant,"The Moon is Earth's natural satellite. A triangle has three sides. A leap year normally has 366 days. According to the periodic table, Tin has atomic number 50.",mock,deterministic-demo-v1,"ANSWER: 50
CONFIDENCE: 0.87",50,0.87,19.62,27,2026-09-15T22:54:35.060170+00:00,False,True,True,False,False,False,0.13
Q050,chemistry,moderate,What is the atomic number of Tin?,50,"According to the periodic table, Tin has atomic number 50.",IUPAC periodic table,duplicate_noise,"### RECORD ### According to the periodic table, Tin has atomic number 50. [duplicate] According to the periodic table, Tin has atomic number 50. !!! metadata=null; checksum=unknown",mock,deterministic-demo-v1,"ANSWER: 50
CONFIDENCE: 0.78",50,0.78,55.24,27,2026-09-15T22:54:35.060226+00:00,False,True,True,False,False,False,0.21999999999999997
Q050,chemistry,moderate,What is the atomic number of Tin?,50,"According to the periodic table, Tin has atomic number 50.",IUPAC periodic table,contradictory,"Source A states: According to the periodic table, Tin has atomic number 50. Source B states: Tin has atomic number 53.",mock,deterministic-demo-v1,"ANSWER: 50
CONFIDENCE: 0.81",50,0.81,72.37,27,2026-09-15T22:54:35.060318+00:00,False,True,True,False,False,False,0.18999999999999995
Q050,chemistry,moderate,What is the atomic number of Tin?,50,"According to the periodic table, Tin has atomic number 50.",IUPAC periodic table,no_context,,mock,deterministic-demo-v1,"ANSWER: Insufficient information.
CONFIDENCE: 0.64",Insufficient information.,0.64,56.82,50,2026-09-15T22:54:35.060372+00:00,True,False,False,False,False,True,0.64
Q051,chemistry,moderate,What is the atomic number of Antimony?,51,"According to the periodic table, Antimony has atomic number 51.",IUPAC periodic table,clean,"According to the periodic table, Antimony has atomic number 51.",mock,deterministic-demo-v1,"ANSWER: 51
CONFIDENCE: 0.88",51,0.88,52.1,27,2026-09-15T22:54:35.060557+00:00,False,True,True,False,False,False,0.12
Q051,chemistry,moderate,What is the atomic number of Antimony?,51,"According to the periodic table, Antimony has atomic number 51.",IUPAC periodic table,missing,"According to the periodic table, Antimony is a chemical element.",mock,deterministic-demo-v1,"ANSWER: Insufficient information.
CONFIDENCE: 0.73",Insufficient information.,0.73,76.0,50,2026-09-15T22:54:35.060618+00:00,True,False,False,False,False,True,0.73
Q051,chemistry,moderate,What is the atomic number of Antimony?,51,"According to the periodic table, Antimony has atomic number 51.",IUPAC periodic table,irrelevant,"Water freezes at 0 degrees Celsius at standard pressure. The Pacific Ocean is Earth's largest ocean. A triangle has three sides. According to the periodic table, Antimony has atomic number 51.",mock,deterministic-demo-v1,"ANSWER: 51
CONFIDENCE: 0.76",51,0.76,64.76,27,2026-09-15T22:54:35.060680+00:00,False,True,True,False,False,False,0.24
Q051,chemistry,moderate,What is the atomic number of Antimony?,51,"According to the periodic table, Antimony has atomic number 51.",IUPAC periodic table,duplicate_noise,"### RECORD ### According to the periodic table, Antimony has atomic number 51. [duplicate] According to the periodic table, Antimony has atomic number 51. !!! metadata=null; checksum=unknown",mock,deterministic-demo-v1,"ANSWER: 54
CONFIDENCE: 0.60",54,0.6,15.97,27,2026-09-15T22:54:35.060737+00:00,False,False,True,False,True,False,0.6
Q051,chemistry,moderate,What is the atomic number of Antimony?,51,"According to the periodic table, Antimony has atomic number 51.",IUPAC periodic table,contradictory,"Source A states: According to the periodic table, Antimony has atomic number 51. Source B states: Antimony has atomic number 48.",mock,deterministic-demo-v1,"ANSWER: 52
CONFIDENCE: 0.71",52,0.71,78.83,27,2026-09-15T22:54:35.060796+00:00,False,False,True,False,True,False,0.71
Q051,chemistry,moderate,What is the atomic number of Antimony?,51,"According to the periodic table, Antimony has atomic number 51.",IUPAC periodic table,no_context,,mock,deterministic-demo-v1,"ANSWER: 51
CONFIDENCE: 0.87",51,0.87,65.52,27,2026-09-15T22:54:35.060848+00:00,False,True,False,True,True,False,0.13
Q052,chemistry,moderate,What is the atomic number of Tellurium?,52,"According to the periodic table, Tellurium has atomic number 52.",IUPAC periodic table,clean,"According to the periodic table, Tellurium has atomic number 52.",mock,deterministic-demo-v1,"ANSWER: 52
CONFIDENCE: 0.85",52,0.85,42.1,27,2026-09-15T22:54:35.060975+00:00,False,True,True,False,False,False,0.15000000000000002
Q052,chemistry,moderate,What is the atomic number of Tellurium?,52,"According to the periodic table, Tellurium has atomic number 52.",IUPAC periodic table,missing,"According to the periodic table, Tellurium is a chemical element.",mock,deterministic-demo-v1,"ANSWER: Insufficient information.
CONFIDENCE: 0.81",Insufficient information.,0.81,51.77,50,2026-09-15T22:54:35.061078+00:00,True,False,False,False,False,True,0.81
Q052,chemistry,moderate,What is the atomic number of Tellurium?,52,"According to the periodic table, Tellurium has atomic number 52.",IUPAC periodic table,irrelevant,"A leap year normally has 366 days. Water freezes at 0 degrees Celsius at standard pressure. The Pacific Ocean is Earth's largest ocean. According to the periodic table, Tellurium has atomic number 52.",mock,deterministic-demo-v1,"ANSWER: 52
CONFIDENCE: 0.85",52,0.85,53.53,27,2026-09-15T22:54:35.061192+00:00,False,True,True,False,False,False,0.15000000000000002
Q052,chemistry,moderate,What is the atomic number of Tellurium?,52,"According to the periodic table, Tellurium has atomic number 52.",IUPAC periodic table,duplicate_noise,"### RECORD ### According to the periodic table, Tellurium has atomic number 52. [duplicate] According to the periodic table, Tellurium has atomic number 52. !!! metadata=null; checksum=unknown",mock,deterministic-demo-v1,"ANSWER: 52
CONFIDENCE: 0.84",52,0.84,20.82,27,2026-09-15T22:54:35.061248+00:00,False,True,True,False,False,False,0.16000000000000003
Q052,chemistry,moderate,What is the atomic number of Tellurium?,52,"According to the periodic table, Tellurium has atomic number 52.",IUPAC periodic table,contradictory,"Source A states: According to the periodic table, Tellurium has atomic number 52. Source B states: Tellurium has atomic number 55.",mock,deterministic-demo-v1,"ANSWER: 52
CONFIDENCE: 0.83",52,0.83,29.15,27,2026-09-15T22:54:35.061307+00:00,False,True,True,False,False,False,0.17000000000000004
Q052,chemistry,moderate,What is the atomic number of Tellurium?,52,"According to the periodic table, Tellurium has atomic number 52.",IUPAC periodic table,no_context,,mock,deterministic-demo-v1,"ANSWER: Insufficient information.
CONFIDENCE: 0.83",Insufficient information.,0.83,66.56,50,2026-09-15T22:54:35.061360+00:00,True,False,False,False,False,True,0.83
Q053,chemistry,moderate,What is the atomic number of Iodine?,53,"According to the periodic table, Iodine has atomic number 53.",IUPAC periodic table,clean,"According to the periodic table, Iodine has atomic number 53.",mock,deterministic-demo-v1,"ANSWER: 53
CONFIDENCE: 0.88",53,0.88,68.03,27,2026-09-15T22:54:35.061500+00:00,False,True,True,False,False,False,0.12
Q053,chemistry,moderate,What is the atomic number of Iodine?,53,"According to the periodic table, Iodine has atomic number 53.",IUPAC periodic table,missing,"According to the periodic table, Iodine is a chemical element.",mock,deterministic-demo-v1,"ANSWER: Insufficient information.
CONFIDENCE: 0.87",Insufficient information.,0.87,42.05,50,2026-09-15T22:54:35.061559+00:00,True,False,False,False,False,True,0.87
Q053,chemistry,moderate,What is the atomic number of Iodine?,53,"According to the periodic table, Iodine has atomic number 53.",IUPAC periodic table,irrelevant,"Water freezes at 0 degrees Celsius at standard pressure. A triangle has three sides. A leap year normally has 366 days. According to the periodic table, Iodine has atomic number 53.",mock,deterministic-demo-v1,"ANSWER: 53
CONFIDENCE: 0.68",53,0.68,60.82,27,2026-09-15T22:54:35.061619+00:00,False,True,True,False,False,False,0.31999999999999995
Q053,chemistry,moderate,What is the atomic number of Iodine?,53,"According to the periodic table, Iodine has atomic number 53.",IUPAC periodic table,duplicate_noise,"### RECORD ### According to the periodic table, Iodine has atomic number 53. [duplicate] According to the periodic table, Iodine has atomic number 53. !!! metadata=null; checksum=unknown",mock,deterministic-demo-v1,"ANSWER: 53
CONFIDENCE: 0.93",53,0.93,71.35,27,2026-09-15T22:54:35.061736+00:00,False,True,True,False,False,False,0.06999999999999995
Q053,chemistry,moderate,What is the atomic number of Iodine?,53,"According to the periodic table, Iodine has atomic number 53.",IUPAC periodic table,contradictory,"Source A states: According to the periodic table, Iodine has atomic number 53. Source B states: Iodine has atomic number 54.",mock,deterministic-demo-v1,"ANSWER: 53
CONFIDENCE: 0.68",53,0.68,22.88,27,2026-09-15T22:54:35.061799+00:00,False,True,True,False,False,False,0.31999999999999995
Q053,chemistry,moderate,What is the atomic number of Iodine?,53,"According to the periodic table, Iodine has atomic number 53.",IUPAC periodic table,no_context,,mock,deterministic-demo-v1,"ANSWER: Insufficient information.
CONFIDENCE: 0.60",Insufficient information.,0.6,16.19,50,2026-09-15T22:54:35.061853+00:00,True,False,False,False,False,True,0.6
Q054,chemistry,moderate,What is the atomic number of Xenon?,54,"According to the periodic table, Xenon has atomic number 54.",IUPAC periodic table,clean,"According to the periodic table, Xenon has atomic number 54.",mock,deterministic-demo-v1,"ANSWER: 54
CONFIDENCE: 0.87",54,0.87,60.54,27,2026-09-15T22:54:35.062042+00:00,False,True,True,False,False,False,0.13
Q054,chemistry,moderate,What is the atomic number of Xenon?,54,"According to the periodic table, Xenon has atomic number 54.",IUPAC periodic table,missing,"According to the periodic table, Xenon is a chemical element.",mock,deterministic-demo-v1,"ANSWER: Insufficient information.
CONFIDENCE: 0.75",Insufficient information.,0.75,41.15,50,2026-09-15T22:54:35.062134+00:00,True,False,False,False,False,True,0.75
Q054,chemistry,moderate,What is the atomic number of Xenon?,54,"According to the periodic table, Xenon has atomic number 54.",IUPAC periodic table,irrelevant,"Water freezes at 0 degrees Celsius at standard pressure. The Pacific Ocean is Earth's largest ocean. A triangle has three sides. According to the periodic table, Xenon has atomic number 54.",mock,deterministic-demo-v1,"ANSWER: 54
CONFIDENCE: 0.77",54,0.77,26.19,27,2026-09-15T22:54:35.062202+00:00,False,True,True,False,False,False,0.22999999999999998
Q054,chemistry,moderate,What is the atomic number of Xenon?,54,"According to the periodic table, Xenon has atomic number 54.",IUPAC periodic table,duplicate_noise,"### RECORD ### According to the periodic table, Xenon has atomic number 54. [duplicate] According to the periodic table, Xenon has atomic number 54. !!! metadata=null; checksum=unknown",mock,deterministic-demo-v1,"ANSWER: 54
CONFIDENCE: 0.92",54,0.92,38.57,27,2026-09-15T22:54:35.062292+00:00,False,True,True,False,False,False,0.07999999999999996
Q054,chemistry,moderate,What is the atomic number of Xenon?,54,"According to the periodic table, Xenon has atomic number 54.",IUPAC periodic table,contradictory,"Source A states: According to the periodic table, Xenon has atomic number 54. Source B states: Xenon has atomic number 57.",mock,deterministic-demo-v1,"ANSWER: 54
CONFIDENCE: 0.77",54,0.77,72.05,27,2026-09-15T22:54:35.062357+00:00,False,True,True,False,False,False,0.22999999999999998
Q054,chemistry,moderate,What is the atomic number of Xenon?,54,"According to the periodic table, Xenon has atomic number 54.",IUPAC periodic table,no_context,,mock,deterministic-demo-v1,"ANSWER: Insufficient information.
CONFIDENCE: 0.58",Insufficient information.,0.58,19.28,50,2026-09-15T22:54:35.062411+00:00,True,False,False,False,False,True,0.58
Q055,chemistry,moderate,What is the atomic number of Cesium?,55,"According to the periodic table, Cesium has atomic number 55.",IUPAC periodic table,clean,"According to the periodic table, Cesium has atomic number 55.",mock,deterministic-demo-v1,"ANSWER: 55
CONFIDENCE: 0.90",55,0.9,49.06,27,2026-09-15T22:54:35.062552+00:00,False,True,True,False,False,False,0.09999999999999998
Q055,chemistry,moderate,What is the atomic number of Cesium?,55,"According to the periodic table, Cesium has atomic number 55.",IUPAC periodic table,missing,"According to the periodic table, Cesium is a chemical element.",mock,deterministic-demo-v1,"ANSWER: 58
CONFIDENCE: 0.69",58,0.69,50.5,27,2026-09-15T22:54:35.062615+00:00,False,False,False,True,True,False,0.69
Q055,chemistry,moderate,What is the atomic number of Cesium?,55,"According to the periodic table, Cesium has atomic number 55.",IUPAC periodic table,irrelevant,"A leap year normally has 366 days. Water freezes at 0 degrees Celsius at standard pressure. The Pacific Ocean is Earth's largest ocean. According to the periodic table, Cesium has atomic number 55.",mock,deterministic-demo-v1,"ANSWER: 55
CONFIDENCE: 0.85",55,0.85,71.83,27,2026-09-15T22:54:35.062675+00:00,False,True,True,False,False,False,0.15000000000000002
Q055,chemistry,moderate,What is the atomic number of Cesium?,55,"According to the periodic table, Cesium has atomic number 55.",IUPAC periodic table,duplicate_noise,"### RECORD ### According to the periodic table, Cesium has atomic number 55. [duplicate] According to the periodic table, Cesium has atomic number 55. !!! metadata=null; checksum=unknown",mock,deterministic-demo-v1,"ANSWER: 55
CONFIDENCE: 0.90",55,0.9,16.8,27,2026-09-15T22:54:35.062728+00:00,False,True,True,False,False,False,0.09999999999999998
Q055,chemistry,moderate,What is the atomic number of Cesium?,55,"According to the periodic table, Cesium has atomic number 55.",IUPAC periodic table,contradictory,"Source A states: According to the periodic table, Cesium has atomic number 55. Source B states: Cesium has atomic number 58.",mock,deterministic-demo-v1,"ANSWER: 55
CONFIDENCE: 0.69",55,0.69,34.12,27,2026-09-15T22:54:35.062828+00:00,False,True,True,False,False,False,0.31000000000000005
Q055,chemistry,moderate,What is the atomic number of Cesium?,55,"According to the periodic table, Cesium has atomic number 55.",IUPAC periodic table,no_context,,mock,deterministic-demo-v1,"ANSWER: 58
CONFIDENCE: 0.71",58,0.71,75.87,27,2026-09-15T22:54:35.062883+00:00,False,False,False,True,True,False,0.71
Q056,chemistry,moderate,What is the atomic number of Barium?,56,"According to the periodic table, Barium has atomic number 56.",IUPAC periodic table,clean,"According to the periodic table, Barium has atomic number 56.",mock,deterministic-demo-v1,"ANSWER: 56
CONFIDENCE: 0.86",56,0.86,62.05,27,2026-09-15T22:54:35.063016+00:00,False,True,True,False,False,False,0.14
Q056,chemistry,moderate,What is the atomic number of Barium?,56,"According to the periodic table, Barium has atomic number 56.",IUPAC periodic table,missing,"According to the periodic table, Barium is a chemical element.",mock,deterministic-demo-v1,"ANSWER: 56
CONFIDENCE: 0.72",56,0.72,34.26,27,2026-09-15T22:54:35.063075+00:00,False,True,False,True,True,False,0.28
Q056,chemistry,moderate,What is the atomic number of Barium?,56,"According to the periodic table, Barium has atomic number 56.",IUPAC periodic table,irrelevant,"A triangle has three sides. The Moon is Earth's natural satellite. Water freezes at 0 degrees Celsius at standard pressure. According to the periodic table, Barium has atomic number 56.",mock,deterministic-demo-v1,"ANSWER: 56
CONFIDENCE: 0.70",56,0.7,31.85,27,2026-09-15T22:54:35.063169+00:00,False,True,True,False,False,False,0.30000000000000004
Q056,chemistry,moderate,What is the atomic number of Barium?,56,"According to the periodic table, Barium has atomic number 56.",IUPAC periodic table,duplicate_noise,"### RECORD ### According to the periodic table, Barium has atomic number 56. [duplicate] According to the periodic table, Barium has atomic number 56. !!! metadata=null; checksum=unknown",mock,deterministic-demo-v1,"ANSWER: 56
CONFIDENCE: 0.73",56,0.73,15.7,27,2026-09-15T22:54:35.063223+00:00,False,True,True,False,False,False,0.27
Q056,chemistry,moderate,What is the atomic number of Barium?,56,"According to the periodic table, Barium has atomic number 56.",IUPAC periodic table,contradictory,"Source A states: According to the periodic table, Barium has atomic number 56. Source B states: Barium has atomic number 57.",mock,deterministic-demo-v1,"ANSWER: 52
CONFIDENCE: 0.72",52,0.72,21.61,27,2026-09-15T22:54:35.063284+00:00,False,False,True,False,True,False,0.72
Q056,chemistry,moderate,What is the atomic number of Barium?,56,"According to the periodic table, Barium has atomic number 56.",IUPAC periodic table,no_context,,mock,deterministic-demo-v1,"ANSWER: 56
CONFIDENCE: 0.91",56,0.91,62.4,27,2026-09-15T22:54:35.063337+00:00,False,True,False,True,True,False,0.08999999999999997
Q057,chemistry,moderate,What is the atomic number of Lanthanum?,57,"According to the periodic table, Lanthanum has atomic number 57.",IUPAC periodic table,clean,"According to the periodic table, Lanthanum has atomic number 57.",mock,deterministic-demo-v1,"ANSWER: 57
CONFIDENCE: 0.89",57,0.89,51.71,27,2026-09-15T22:54:35.063472+00:00,False,True,True,False,False,False,0.10999999999999999
Q057,chemistry,moderate,What is the atomic number of Lanthanum?,57,"According to the periodic table, Lanthanum has atomic number 57.",IUPAC periodic table,missing,"According to the periodic table, Lanthanum is a chemical element.",mock,deterministic-demo-v1,"ANSWER: 57
CONFIDENCE: 0.74",57,0.74,56.67,27,2026-09-15T22:54:35.063531+00:00,False,True,False,True,True,False,0.26
Q057,chemistry,moderate,What is the atomic number of Lanthanum?,57,"According to the periodic table, Lanthanum has atomic number 57.",IUPAC periodic table,irrelevant,"The Pacific Ocean is Earth's largest ocean. A triangle has three sides. The Moon is Earth's natural satellite. According to the periodic table, Lanthanum has atomic number 57.",mock,deterministic-demo-v1,"ANSWER: 57
CONFIDENCE: 0.91",57,0.91,20.94,27,2026-09-15T22:54:35.063636+00:00,False,True,True,False,False,False,0.08999999999999997
Q057,chemistry,moderate,What is the atomic number of Lanthanum?,57,"According to the periodic table, Lanthanum has atomic number 57.",IUPAC periodic table,duplicate_noise,"### RECORD ### According to the periodic table, Lanthanum has atomic number 57. [duplicate] According to the periodic table, Lanthanum has atomic number 57. !!! metadata=null; checksum=unknown",mock,deterministic-demo-v1,"ANSWER: 57
CONFIDENCE: 0.88",57,0.88,72.22,27,2026-09-15T22:54:35.063690+00:00,False,True,True,False,False,False,0.12
Q057,chemistry,moderate,What is the atomic number of Lanthanum?,57,"According to the periodic table, Lanthanum has atomic number 57.",IUPAC periodic table,contradictory,"Source A states: According to the periodic table, Lanthanum has atomic number 57. Source B states: Lanthanum has atomic number 60.",mock,deterministic-demo-v1,"ANSWER: 57
CONFIDENCE: 0.73",57,0.73,54.91,27,2026-09-15T22:54:35.063747+00:00,False,True,True,False,False,False,0.27
Q057,chemistry,moderate,What is the atomic number of Lanthanum?,57,"According to the periodic table, Lanthanum has atomic number 57.",IUPAC periodic table,no_context,,mock,deterministic-demo-v1,"ANSWER: 57
CONFIDENCE: 0.86",57,0.86,54.58,27,2026-09-15T22:54:35.063799+00:00,False,True,False,True,True,False,0.14
Q058,chemistry,moderate,What is the atomic number of Cerium?,58,"According to the periodic table, Cerium has atomic number 58.",IUPAC periodic table,clean,"According to the periodic table, Cerium has atomic number 58.",mock,deterministic-demo-v1,"ANSWER: 58
CONFIDENCE: 0.95",58,0.95,65.76,27,2026-09-15T22:54:35.063931+00:00,False,True,True,False,False,False,0.050000000000000044
Q058,chemistry,moderate,What is the atomic number of Cerium?,58,"According to the periodic table, Cerium has atomic number 58.",IUPAC periodic table,missing,"According to the periodic table, Cerium is a chemical element.",mock,deterministic-demo-v1,"ANSWER: 58
CONFIDENCE: 0.75",58,0.75,74.3,27,2026-09-15T22:54:35.063989+00:00,False,True,False,True,True,False,0.25
Q058,chemistry,moderate,What is the atomic number of Cerium?,58,"According to the periodic table, Cerium has atomic number 58.",IUPAC periodic table,irrelevant,"Water freezes at 0 degrees Celsius at standard pressure. A triangle has three sides. A leap year normally has 366 days. According to the periodic table, Cerium has atomic number 58.",mock,deterministic-demo-v1,"ANSWER: 58
CONFIDENCE: 0.93",58,0.93,42.15,27,2026-09-15T22:54:35.064048+00:00,False,True,True,False,False,False,0.06999999999999995
Q058,chemistry,moderate,What is the atomic number of Cerium?,58,"According to the periodic table, Cerium has atomic number 58.",IUPAC periodic table,duplicate_noise,"### RECORD ### According to the periodic table, Cerium has atomic number 58. [duplicate] According to the periodic table, Cerium has atomic number 58. !!! metadata=null; checksum=unknown",mock,deterministic-demo-v1,"ANSWER: 58
CONFIDENCE: 0.92",58,0.92,43.78,27,2026-09-15T22:54:35.064176+00:00,False,True,True,False,False,False,0.07999999999999996
Q058,chemistry,moderate,What is the atomic number of Cerium?,58,"According to the periodic table, Cerium has atomic number 58.",IUPAC periodic table,contradictory,"Source A states: According to the periodic table, Cerium has atomic number 58. Source B states: Cerium has atomic number 55.",mock,deterministic-demo-v1,"ANSWER: 58
CONFIDENCE: 0.74",58,0.74,34.21,27,2026-09-15T22:54:35.064268+00:00,False,True,True,False,False,False,0.26
Q058,chemistry,moderate,What is the atomic number of Cerium?,58,"According to the periodic table, Cerium has atomic number 58.",IUPAC periodic table,no_context,,mock,deterministic-demo-v1,"ANSWER: 58
CONFIDENCE: 0.91",58,0.91,73.21,27,2026-09-15T22:54:35.064326+00:00,False,True,False,True,True,False,0.08999999999999997
Q059,chemistry,moderate,What is the atomic number of Praseodymium?,59,"According to the periodic table, Praseodymium has atomic number 59.",IUPAC periodic table,clean,"According to the periodic table, Praseodymium has atomic number 59.",mock,deterministic-demo-v1,"ANSWER: 59
CONFIDENCE: 0.86",59,0.86,24.9,27,2026-09-15T22:54:35.064504+00:00,False,True,True,False,False,False,0.14
Q059,chemistry,moderate,What is the atomic number of Praseodymium?,59,"According to the periodic table, Praseodymium has atomic number 59.",IUPAC periodic table,missing,"According to the periodic table, Praseodymium is a chemical element.",mock,deterministic-demo-v1,"ANSWER: Insufficient information.
CONFIDENCE: 0.75",Insufficient information.,0.75,18.23,50,2026-09-15T22:54:35.064564+00:00,True,False,False,False,False,True,0.75
Q059,chemistry,moderate,What is the atomic number of Praseodymium?,59,"According to the periodic table, Praseodymium has atomic number 59.",IUPAC periodic table,irrelevant,"A triangle has three sides. The Pacific Ocean is Earth's largest ocean. The Moon is Earth's natural satellite. According to the periodic table, Praseodymium has atomic number 59.",mock,deterministic-demo-v1,"ANSWER: 59
CONFIDENCE: 0.66",59,0.66,23.62,27,2026-09-15T22:54:35.064624+00:00,False,True,True,False,False,False,0.33999999999999997
Q059,chemistry,moderate,What is the atomic number of Praseodymium?,59,"According to the periodic table, Praseodymium has atomic number 59.",IUPAC periodic table,duplicate_noise,"### RECORD ### According to the periodic table, Praseodymium has atomic number 59. [duplicate] According to the periodic table, Praseodymium has atomic number 59. !!! metadata=null; checksum=unknown",mock,deterministic-demo-v1,"ANSWER: 59
CONFIDENCE: 0.66",59,0.66,58.15,27,2026-09-15T22:54:35.064677+00:00,False,True,True,False,False,False,0.33999999999999997
Q059,chemistry,moderate,What is the atomic number of Praseodymium?,59,"According to the periodic table, Praseodymium has atomic number 59.",IUPAC periodic table,contradictory,"Source A states: According to the periodic table, Praseodymium has atomic number 59. Source B states: Praseodymium has atomic number 58.",mock,deterministic-demo-v1,"ANSWER: 59
CONFIDENCE: 0.67",59,0.67,40.6,27,2026-09-15T22:54:35.064735+00:00,False,True,True,False,False,False,0.32999999999999996
Q059,chemistry,moderate,What is the atomic number of Praseodymium?,59,"According to the periodic table, Praseodymium has atomic number 59.",IUPAC periodic table,no_context,,mock,deterministic-demo-v1,"ANSWER: 59
CONFIDENCE: 0.92",59,0.92,30.76,27,2026-09-15T22:54:35.064788+00:00,False,True,False,True,True,False,0.07999999999999996
Q060,chemistry,moderate,What is the atomic number of Neodymium?,60,"According to the periodic table, Neodymium has atomic number 60.",IUPAC periodic table,clean,"According to the periodic table, Neodymium has atomic number 60.",mock,deterministic-demo-v1,"ANSWER: 60
CONFIDENCE: 0.86",60,0.86,57.33,27,2026-09-15T22:54:35.064909+00:00,False,True,True,False,False,False,0.14
Q060,chemistry,moderate,What is the atomic number of Neodymium?,60,"According to the periodic table, Neodymium has atomic number 60.",IUPAC periodic table,missing,"According to the periodic table, Neodymium is a chemical element.",mock,deterministic-demo-v1,"ANSWER: Insufficient information.
CONFIDENCE: 0.72",Insufficient information.,0.72,44.84,50,2026-09-15T22:54:35.064967+00:00,True,False,False,False,False,True,0.72
Q060,chemistry,moderate,What is the atomic number of Neodymium?,60,"According to the periodic table, Neodymium has atomic number 60.",IUPAC periodic table,irrelevant,"A triangle has three sides. A leap year normally has 366 days. Water freezes at 0 degrees Celsius at standard pressure. According to the periodic table, Neodymium has atomic number 60.",mock,deterministic-demo-v1,"ANSWER: 60
CONFIDENCE: 0.88",60,0.88,53.76,27,2026-09-15T22:54:35.065027+00:00,False,True,True,False,False,False,0.12
Q060,chemistry,moderate,What is the atomic number of Neodymium?,60,"According to the periodic table, Neodymium has atomic number 60.",IUPAC periodic table,duplicate_noise,"### RECORD ### According to the periodic table, Neodymium has atomic number 60. [duplicate] According to the periodic table, Neodymium has atomic number 60. !!! metadata=null; checksum=unknown",mock,deterministic-demo-v1,"ANSWER: 60
CONFIDENCE: 0.70",60,0.7,26.2,27,2026-09-15T22:54:35.065080+00:00,False,True,True,False,False,False,0.30000000000000004
Q060,chemistry,moderate,What is the atomic number of Neodymium?,60,"According to the periodic table, Neodymium has atomic number 60.",IUPAC periodic table,contradictory,"Source A states: According to the periodic table, Neodymium has atomic number 60. Source B states: Neodymium has atomic number 58.",mock,deterministic-demo-v1,"ANSWER: 56
CONFIDENCE: 0.65",56,0.65,60.63,27,2026-09-15T22:54:35.065226+00:00,False,False,True,False,True,False,0.65
Q060,chemistry,moderate,What is the atomic number of Neodymium?,60,"According to the periodic table, Neodymium has atomic number 60.",IUPAC periodic table,no_context,,mock,deterministic-demo-v1,"ANSWER: 60
CONFIDENCE: 0.66",60,0.66,73.55,27,2026-09-15T22:54:35.065282+00:00,False,True,False,True,True,False,0.33999999999999997
Q061,chemistry,moderate,What is the atomic number of Promethium?,61,"According to the periodic table, Promethium has atomic number 61.",IUPAC periodic table,clean,"According to the periodic table, Promethium has atomic number 61.",mock,deterministic-demo-v1,"ANSWER: 61
CONFIDENCE: 0.91",61,0.91,20.83,27,2026-09-15T22:54:35.065419+00:00,False,True,True,False,False,False,0.08999999999999997
Q061,chemistry,moderate,What is the atomic number of Promethium?,61,"According to the periodic table, Promethium has atomic number 61.",IUPAC periodic table,missing,"According to the periodic table, Promethium is a chemical element.",mock,deterministic-demo-v1,"ANSWER: Insufficient information.
CONFIDENCE: 0.75",Insufficient information.,0.75,51.2,50,2026-09-15T22:54:35.065478+00:00,True,False,False,False,False,True,0.75
Q061,chemistry,moderate,What is the atomic number of Promethium?,61,"According to the periodic table, Promethium has atomic number 61.",IUPAC periodic table,irrelevant,"The Moon is Earth's natural satellite. Water freezes at 0 degrees Celsius at standard pressure. A triangle has three sides. According to the periodic table, Promethium has atomic number 61.",mock,deterministic-demo-v1,"ANSWER: 61
CONFIDENCE: 0.79",61,0.79,56.8,27,2026-09-15T22:54:35.065538+00:00,False,True,True,False,False,False,0.20999999999999996
Q061,chemistry,moderate,What is the atomic number of Promethium?,61,"According to the periodic table, Promethium has atomic number 61.",IUPAC periodic table,duplicate_noise,"### RECORD ### According to the periodic table, Promethium has atomic number 61. [duplicate] According to the periodic table, Promethium has atomic number 61. !!! metadata=null; checksum=unknown",mock,deterministic-demo-v1,"ANSWER: 61
CONFIDENCE: 0.78",61,0.78,69.69,27,2026-09-15T22:54:35.065592+00:00,False,True,True,False,False,False,0.21999999999999997
Q061,chemistry,moderate,What is the atomic number of Promethium?,61,"According to the periodic table, Promethium has atomic number 61.",IUPAC periodic table,contradictory,"Source A states: According to the periodic table, Promethium has atomic number 61. Source B states: Promethium has atomic number 63.",mock,deterministic-demo-v1,"ANSWER: 58
CONFIDENCE: 0.87",58,0.87,48.41,27,2026-09-15T22:54:35.065651+00:00,False,False,True,False,True,False,0.87
Q061,chemistry,moderate,What is the atomic number of Promethium?,61,"According to the periodic table, Promethium has atomic number 61.",IUPAC periodic table,no_context,,mock,deterministic-demo-v1,"ANSWER: 61
CONFIDENCE: 0.89",61,0.89,40.35,27,2026-09-15T22:54:35.065704+00:00,False,True,False,True,True,False,0.10999999999999999
Q062,chemistry,moderate,What is the atomic number of Samarium?,62,"According to the periodic table, Samarium has atomic number 62.",IUPAC periodic table,clean,"According to the periodic table, Samarium has atomic number 62.",mock,deterministic-demo-v1,"ANSWER: 62
CONFIDENCE: 0.95",62,0.95,40.73,27,2026-09-15T22:54:35.065880+00:00,False,True,True,False,False,False,0.050000000000000044
Q062,chemistry,moderate,What is the atomic number of Samarium?,62,"According to the periodic table, Samarium has atomic number 62.",IUPAC periodic table,missing,"According to the periodic table, Samarium is a chemical element.",mock,deterministic-demo-v1,"ANSWER: Insufficient information.
CONFIDENCE: 0.89",Insufficient information.,0.89,53.47,50,2026-09-15T22:54:35.065941+00:00,True,False,False,False,False,True,0.89
Q062,chemistry,moderate,What is the atomic number of Samarium?,62,"According to the periodic table, Samarium has atomic number 62.",IUPAC periodic table,irrelevant,"A leap year normally has 366 days. The Moon is Earth's natural satellite. Water freezes at 0 degrees Celsius at standard pressure. According to the periodic table, Samarium has atomic number 62.",mock,deterministic-demo-v1,"ANSWER: 62
CONFIDENCE: 0.87",62,0.87,27.68,27,2026-09-15T22:54:35.066039+00:00,False,True,True,False,False,False,0.13
Q062,chemistry,moderate,What is the atomic number of Samarium?,62,"According to the periodic table, Samarium has atomic number 62.",IUPAC periodic table,duplicate_noise,"### RECORD ### According to the periodic table, Samarium has atomic number 62. [duplicate] According to the periodic table, Samarium has atomic number 62. !!! metadata=null; checksum=unknown",mock,deterministic-demo-v1,"ANSWER: 62
CONFIDENCE: 0.78",62,0.78,55.43,27,2026-09-15T22:54:35.066093+00:00,False,True,True,False,False,False,0.21999999999999997
Q062,chemistry,moderate,What is the atomic number of Samarium?,62,"According to the periodic table, Samarium has atomic number 62.",IUPAC periodic table,contradictory,"Source A states: According to the periodic table, Samarium has atomic number 62. Source B states: Samarium has atomic number 65.",mock,deterministic-demo-v1,"ANSWER: 62
CONFIDENCE: 0.69",62,0.69,44.69,27,2026-09-15T22:54:35.066181+00:00,False,True,True,False,False,False,0.31000000000000005
Q062,chemistry,moderate,What is the atomic number of Samarium?,62,"According to the periodic table, Samarium has atomic number 62.",IUPAC periodic table,no_context,,mock,deterministic-demo-v1,"ANSWER: 62
CONFIDENCE: 0.78",62,0.78,65.84,27,2026-09-15T22:54:35.066263+00:00,False,True,False,True,True,False,0.21999999999999997
Q063,chemistry,moderate,What is the atomic number of Europium?,63,"According to the periodic table, Europium has atomic number 63.",IUPAC periodic table,clean,"According to the periodic table, Europium has atomic number 63.",mock,deterministic-demo-v1,"ANSWER: 63
CONFIDENCE: 0.92",63,0.92,50.28,27,2026-09-15T22:54:35.066413+00:00,False,True,True,False,False,False,0.07999999999999996
Q063,chemistry,moderate,What is the atomic number of Europium?,63,"According to the periodic table, Europium has atomic number 63.",IUPAC periodic table,missing,"According to the periodic table, Europium is a chemical element.",mock,deterministic-demo-v1,"ANSWER: 63
CONFIDENCE: 0.71",63,0.71,63.83,27,2026-09-15T22:54:35.066472+00:00,False,True,False,True,True,False,0.29000000000000004
Q063,chemistry,moderate,What is the atomic number of Europium?,63,"According to the periodic table, Europium has atomic number 63.",IUPAC periodic table,irrelevant,"A leap year normally has 366 days. The Moon is Earth's natural satellite. Water freezes at 0 degrees Celsius at standard pressure. According to the periodic table, Europium has atomic number 63.",mock,deterministic-demo-v1,"ANSWER: 63
CONFIDENCE: 0.80",63,0.8,45.84,27,2026-09-15T22:54:35.066573+00:00,False,True,True,False,False,False,0.19999999999999996
Q063,chemistry,moderate,What is the atomic number of Europium?,63,"According to the periodic table, Europium has atomic number 63.",IUPAC periodic table,duplicate_noise,"### RECORD ### According to the periodic table, Europium has atomic number 63. [duplicate] According to the periodic table, Europium has atomic number 63. !!! metadata=null; checksum=unknown",mock,deterministic-demo-v1,"ANSWER: 63
CONFIDENCE: 0.91",63,0.91,40.37,27,2026-09-15T22:54:35.066649+00:00,False,True,True,False,False,False,0.08999999999999997
Q063,chemistry,moderate,What is the atomic number of Europium?,63,"According to the periodic table, Europium has atomic number 63.",IUPAC periodic table,contradictory,"Source A states: According to the periodic table, Europium has atomic number 63. Source B states: Europium has atomic number 64.",mock,deterministic-demo-v1,"ANSWER: 62
CONFIDENCE: 0.92",62,0.92,27.23,27,2026-09-15T22:54:35.066715+00:00,False,False,True,False,True,False,0.92
Q063,chemistry,moderate,What is the atomic number of Europium?,63,"According to the periodic table, Europium has atomic number 63.",IUPAC periodic table,no_context,,mock,deterministic-demo-v1,"ANSWER: 63
CONFIDENCE: 0.81",63,0.81,58.74,27,2026-09-15T22:54:35.066769+00:00,False,True,False,True,True,False,0.18999999999999995
Q064,chemistry,moderate,What is the atomic number of Gadolinium?,64,"According to the periodic table, Gadolinium has atomic number 64.",IUPAC periodic table,clean,"According to the periodic table, Gadolinium has atomic number 64.",mock,deterministic-demo-v1,"ANSWER: 64
CONFIDENCE: 0.97",64,0.97,49.11,27,2026-09-15T22:54:35.066935+00:00,False,True,True,False,False,False,0.030000000000000027
Q064,chemistry,moderate,What is the atomic number of Gadolinium?,64,"According to the periodic table, Gadolinium has atomic number 64.",IUPAC periodic table,missing,"According to the periodic table, Gadolinium is a chemical element.",mock,deterministic-demo-v1,"ANSWER: Insufficient information.
CONFIDENCE: 0.72",Insufficient information.,0.72,67.85,50,2026-09-15T22:54:35.067032+00:00,True,False,False,False,False,True,0.72
Q064,chemistry,moderate,What is the atomic number of Gadolinium?,64,"According to the periodic table, Gadolinium has atomic number 64.",IUPAC periodic table,irrelevant,"The Moon is Earth's natural satellite. The Pacific Ocean is Earth's largest ocean. A leap year normally has 366 days. According to the periodic table, Gadolinium has atomic number 64.",mock,deterministic-demo-v1,"ANSWER: 64
CONFIDENCE: 0.70",64,0.7,63.2,27,2026-09-15T22:54:35.067098+00:00,False,True,True,False,False,False,0.30000000000000004
Q064,chemistry,moderate,What is the atomic number of Gadolinium?,64,"According to the periodic table, Gadolinium has atomic number 64.",IUPAC periodic table,duplicate_noise,"### RECORD ### According to the periodic table, Gadolinium has atomic number 64. [duplicate] According to the periodic table, Gadolinium has atomic number 64. !!! metadata=null; checksum=unknown",mock,deterministic-demo-v1,"ANSWER: 64
CONFIDENCE: 0.90",64,0.9,46.64,27,2026-09-15T22:54:35.067181+00:00,False,True,True,False,False,False,0.09999999999999998
Q064,chemistry,moderate,What is the atomic number of Gadolinium?,64,"According to the periodic table, Gadolinium has atomic number 64.",IUPAC periodic table,contradictory,"Source A states: According to the periodic table, Gadolinium has atomic number 64. Source B states: Gadolinium has atomic number 61.",mock,deterministic-demo-v1,"ANSWER: 64
CONFIDENCE: 0.70",64,0.7,28.66,27,2026-09-15T22:54:35.067240+00:00,False,True,True,False,False,False,0.30000000000000004
Q064,chemistry,moderate,What is the atomic number of Gadolinium?,64,"According to the periodic table, Gadolinium has atomic number 64.",IUPAC periodic table,no_context,,mock,deterministic-demo-v1,"ANSWER: 64
CONFIDENCE: 0.73",64,0.73,47.23,27,2026-09-15T22:54:35.067293+00:00,False,True,False,True,True,False,0.27
Q065,chemistry,moderate,What is the atomic number of Terbium?,65,"According to the periodic table, Terbium has atomic number 65.",IUPAC periodic table,clean,"According to the periodic table, Terbium has atomic number 65.",mock,deterministic-demo-v1,"ANSWER: 65
CONFIDENCE: 0.93",65,0.93,18.82,27,2026-09-15T22:54:35.067431+00:00,False,True,True,False,False,False,0.06999999999999995
Q065,chemistry,moderate,What is the atomic number of Terbium?,65,"According to the periodic table, Terbium has atomic number 65.",IUPAC periodic table,missing,"According to the periodic table, Terbium is a chemical element.",mock,deterministic-demo-v1,"ANSWER: 65
CONFIDENCE: 0.74",65,0.74,53.79,27,2026-09-15T22:54:35.067491+00:00,False,True,False,True,True,False,0.26
Q065,chemistry,moderate,What is the atomic number of Terbium?,65,"According to the periodic table, Terbium has atomic number 65.",IUPAC periodic table,irrelevant,"The Moon is Earth's natural satellite. A leap year normally has 366 days. Water freezes at 0 degrees Celsius at standard pressure. According to the periodic table, Terbium has atomic number 65.",mock,deterministic-demo-v1,"ANSWER: 65
CONFIDENCE: 0.93",65,0.93,79.87,27,2026-09-15T22:54:35.067551+00:00,False,True,True,False,False,False,0.06999999999999995
Q065,chemistry,moderate,What is the atomic number of Terbium?,65,"According to the periodic table, Terbium has atomic number 65.",IUPAC periodic table,duplicate_noise,"### RECORD ### According to the periodic table, Terbium has atomic number 65. [duplicate] According to the periodic table, Terbium has atomic number 65. !!! metadata=null; checksum=unknown",mock,deterministic-demo-v1,"ANSWER: 65
CONFIDENCE: 0.75",65,0.75,77.64,27,2026-09-15T22:54:35.067603+00:00,False,True,True,False,False,False,0.25
Q065,chemistry,moderate,What is the atomic number of Terbium?,65,"According to the periodic table, Terbium has atomic number 65.",IUPAC periodic table,contradictory,"Source A states: According to the periodic table, Terbium has atomic number 65. Source B states: Terbium has atomic number 67.",mock,deterministic-demo-v1,"ANSWER: 63
CONFIDENCE: 0.65",63,0.65,28.94,27,2026-09-15T22:54:35.067706+00:00,False,False,True,False,True,False,0.65
Q065,chemistry,moderate,What is the atomic number of Terbium?,65,"According to the periodic table, Terbium has atomic number 65.",IUPAC periodic table,no_context,,mock,deterministic-demo-v1,"ANSWER: 65
CONFIDENCE: 0.78",65,0.78,43.39,27,2026-09-15T22:54:35.067760+00:00,False,True,False,True,True,False,0.21999999999999997
Q066,chemistry,moderate,What is the atomic number of Dysprosium?,66,"According to the periodic table, Dysprosium has atomic number 66.",IUPAC periodic table,clean,"According to the periodic table, Dysprosium has atomic number 66.",mock,deterministic-demo-v1,"ANSWER: 66
CONFIDENCE: 0.85",66,0.85,35.7,27,2026-09-15T22:54:35.067891+00:00,False,True,True,False,False,False,0.15000000000000002
Q066,chemistry,moderate,What is the atomic number of Dysprosium?,66,"According to the periodic table, Dysprosium has atomic number 66.",IUPAC periodic table,missing,"According to the periodic table, Dysprosium is a chemical element.",mock,deterministic-demo-v1,"ANSWER: 64
CONFIDENCE: 0.86",64,0.86,79.22,27,2026-09-15T22:54:35.067953+00:00,False,False,False,True,True,False,0.86
Q066,chemistry,moderate,What is the atomic number of Dysprosium?,66,"According to the periodic table, Dysprosium has atomic number 66.",IUPAC periodic table,irrelevant,"The Moon is Earth's natural satellite. Water freezes at 0 degrees Celsius at standard pressure. A leap year normally has 366 days. According to the periodic table, Dysprosium has atomic number 66.",mock,deterministic-demo-v1,"ANSWER: 66
CONFIDENCE: 0.89",66,0.89,15.76,27,2026-09-15T22:54:35.068012+00:00,False,True,True,False,False,False,0.10999999999999999
Q066,chemistry,moderate,What is the atomic number of Dysprosium?,66,"According to the periodic table, Dysprosium has atomic number 66.",IUPAC periodic table,duplicate_noise,"### RECORD ### According to the periodic table, Dysprosium has atomic number 66. [duplicate] According to the periodic table, Dysprosium has atomic number 66. !!! metadata=null; checksum=unknown",mock,deterministic-demo-v1,"ANSWER: 66
CONFIDENCE: 0.73",66,0.73,58.16,27,2026-09-15T22:54:35.068064+00:00,False,True,True,False,False,False,0.27
Q066,chemistry,moderate,What is the atomic number of Dysprosium?,66,"According to the periodic table, Dysprosium has atomic number 66.",IUPAC periodic table,contradictory,"Source A states: According to the periodic table, Dysprosium has atomic number 66. Source B states: Dysprosium has atomic number 64.",mock,deterministic-demo-v1,"ANSWER: 67
CONFIDENCE: 0.90",67,0.9,71.26,27,2026-09-15T22:54:35.068202+00:00,False,False,True,False,True,False,0.9
Q066,chemistry,moderate,What is the atomic number of Dysprosium?,66,"According to the periodic table, Dysprosium has atomic number 66.",IUPAC periodic table,no_context,,mock,deterministic-demo-v1,"ANSWER: 62
CONFIDENCE: 0.72",62,0.72,49.81,27,2026-09-15T22:54:35.068259+00:00,False,False,False,True,True,False,0.72
Q067,chemistry,moderate,What is the atomic number of Holmium?,67,"According to the periodic table, Holmium has atomic number 67.",IUPAC periodic table,clean,"According to the periodic table, Holmium has atomic number 67.",mock,deterministic-demo-v1,"ANSWER: 67
CONFIDENCE: 0.83",67,0.83,22.74,27,2026-09-15T22:54:35.068400+00:00,False,True,True,False,False,False,0.17000000000000004
Q067,chemistry,moderate,What is the atomic number of Holmium?,67,"According to the periodic table, Holmium has atomic number 67.",IUPAC periodic table,missing,"According to the periodic table, Holmium is a chemical element.",mock,deterministic-demo-v1,"ANSWER: 68
CONFIDENCE: 0.81",68,0.81,18.46,27,2026-09-15T22:54:35.068501+00:00,False,False,False,True,True,False,0.81
Q067,chemistry,moderate,What is the atomic number of Holmium?,67,"According to the periodic table, Holmium has atomic number 67.",IUPAC periodic table,irrelevant,"A leap year normally has 366 days. Water freezes at 0 degrees Celsius at standard pressure. The Moon is Earth's natural satellite. According to the periodic table, Holmium has atomic number 67.",mock,deterministic-demo-v1,"ANSWER: 67
CONFIDENCE: 0.80",67,0.8,49.13,27,2026-09-15T22:54:35.068591+00:00,False,True,True,False,False,False,0.19999999999999996
Q067,chemistry,moderate,What is the atomic number of Holmium?,67,"According to the periodic table, Holmium has atomic number 67.",IUPAC periodic table,duplicate_noise,"### RECORD ### According to the periodic table, Holmium has atomic number 67. [duplicate] According to the periodic table, Holmium has atomic number 67. !!! metadata=null; checksum=unknown",mock,deterministic-demo-v1,"ANSWER: 67
CONFIDENCE: 0.79",67,0.79,77.24,27,2026-09-15T22:54:35.068645+00:00,False,True,True,False,False,False,0.20999999999999996
Q067,chemistry,moderate,What is the atomic number of Holmium?,67,"According to the periodic table, Holmium has atomic number 67.",IUPAC periodic table,contradictory,"Source A states: According to the periodic table, Holmium has atomic number 67. Source B states: Holmium has atomic number 69.",mock,deterministic-demo-v1,"ANSWER: 67
CONFIDENCE: 0.76",67,0.76,76.41,27,2026-09-15T22:54:35.068703+00:00,False,True,True,False,False,False,0.24
Q067,chemistry,moderate,What is the atomic number of Holmium?,67,"According to the periodic table, Holmium has atomic number 67.",IUPAC periodic table,no_context,,mock,deterministic-demo-v1,"ANSWER: 67
CONFIDENCE: 0.77",67,0.77,69.92,27,2026-09-15T22:54:35.068755+00:00,False,True,False,True,True,False,0.22999999999999998
Q068,chemistry,moderate,What is the atomic number of Erbium?,68,"According to the periodic table, Erbium has atomic number 68.",IUPAC periodic table,clean,"According to the periodic table, Erbium has atomic number 68.",mock,deterministic-demo-v1,"ANSWER: 68
CONFIDENCE: 0.92",68,0.92,55.51,27,2026-09-15T22:54:35.068889+00:00,False,True,True,False,False,False,0.07999999999999996
Q068,chemistry,moderate,What is the atomic number of Erbium?,68,"According to the periodic table, Erbium has atomic number 68.",IUPAC periodic table,missing,"According to the periodic table, Erbium is a chemical element.",mock,deterministic-demo-v1,"ANSWER: Insufficient information.
CONFIDENCE: 0.87",Insufficient information.,0.87,37.1,50,2026-09-15T22:54:35.068948+00:00,True,False,False,False,False,True,0.87
Q068,chemistry,moderate,What is the atomic number of Erbium?,68,"According to the periodic table, Erbium has atomic number 68.",IUPAC periodic table,irrelevant,"The Pacific Ocean is Earth's largest ocean. A leap year normally has 366 days. A triangle has three sides. According to the periodic table, Erbium has atomic number 68.",mock,deterministic-demo-v1,"ANSWER: 68
CONFIDENCE: 0.88",68,0.88,25.37,27,2026-09-15T22:54:35.069010+00:00,False,True,True,False,False,False,0.12
Q068,chemistry,moderate,What is the atomic number of Erbium?,68,"According to the periodic table, Erbium has atomic number 68.",IUPAC periodic table,duplicate_noise,"### RECORD ### According to the periodic table, Erbium has atomic number 68. [duplicate] According to the periodic table, Erbium has atomic number 68. !!! metadata=null; checksum=unknown",mock,deterministic-demo-v1,"ANSWER: 68
CONFIDENCE: 0.90",68,0.9,55.94,27,2026-09-15T22:54:35.069063+00:00,False,True,True,False,False,False,0.09999999999999998
Q068,chemistry,moderate,What is the atomic number of Erbium?,68,"According to the periodic table, Erbium has atomic number 68.",IUPAC periodic table,contradictory,"Source A states: According to the periodic table, Erbium has atomic number 68. Source B states: Erbium has atomic number 66.",mock,deterministic-demo-v1,"ANSWER: 71
CONFIDENCE: 0.73",71,0.73,17.54,27,2026-09-15T22:54:35.069158+00:00,False,False,True,False,True,False,0.73
Q068,chemistry,moderate,What is the atomic number of Erbium?,68,"According to the periodic table, Erbium has atomic number 68.",IUPAC periodic table,no_context,,mock,deterministic-demo-v1,"ANSWER: 68
CONFIDENCE: 0.86",68,0.86,30.93,27,2026-09-15T22:54:35.069214+00:00,False,True,False,True,True,False,0.14
Q069,chemistry,moderate,What is the atomic number of Thulium?,69,"According to the periodic table, Thulium has atomic number 69.",IUPAC periodic table,clean,"According to the periodic table, Thulium has atomic number 69.",mock,deterministic-demo-v1,"ANSWER: 69
CONFIDENCE: 0.91",69,0.91,46.57,27,2026-09-15T22:54:35.069393+00:00,False,True,True,False,False,False,0.08999999999999997
Q069,chemistry,moderate,What is the atomic number of Thulium?,69,"According to the periodic table, Thulium has atomic number 69.",IUPAC periodic table,missing,"According to the periodic table, Thulium is a chemical element.",mock,deterministic-demo-v1,"ANSWER: Insufficient information.
CONFIDENCE: 0.82",Insufficient information.,0.82,36.92,50,2026-09-15T22:54:35.069453+00:00,True,False,False,False,False,True,0.82
Q069,chemistry,moderate,What is the atomic number of Thulium?,69,"According to the periodic table, Thulium has atomic number 69.",IUPAC periodic table,irrelevant,"Water freezes at 0 degrees Celsius at standard pressure. The Pacific Ocean is Earth's largest ocean. A leap year normally has 366 days. According to the periodic table, Thulium has atomic number 69.",mock,deterministic-demo-v1,"ANSWER: 69
CONFIDENCE: 0.87",69,0.87,15.64,27,2026-09-15T22:54:35.069514+00:00,False,True,True,False,False,False,0.13
Q069,chemistry,moderate,What is the atomic number of Thulium?,69,"According to the periodic table, Thulium has atomic number 69.",IUPAC periodic table,duplicate_noise,"### RECORD ### According to the periodic table, Thulium has atomic number 69. [duplicate] According to the periodic table, Thulium has atomic number 69. !!! metadata=null; checksum=unknown",mock,deterministic-demo-v1,"ANSWER: 69
CONFIDENCE: 0.85",69,0.85,67.76,27,2026-09-15T22:54:35.069566+00:00,False,True,True,False,False,False,0.15000000000000002
Q069,chemistry,moderate,What is the atomic number of Thulium?,69,"According to the periodic table, Thulium has atomic number 69.",IUPAC periodic table,contradictory,"Source A states: According to the periodic table, Thulium has atomic number 69. Source B states: Thulium has atomic number 68.",mock,deterministic-demo-v1,"ANSWER: 69
CONFIDENCE: 0.70",69,0.7,76.53,27,2026-09-15T22:54:35.069624+00:00,False,True,True,False,False,False,0.30000000000000004
Q069,chemistry,moderate,What is the atomic number of Thulium?,69,"According to the periodic table, Thulium has atomic number 69.",IUPAC periodic table,no_context,,mock,deterministic-demo-v1,"ANSWER: 69
CONFIDENCE: 0.82",69,0.82,52.43,27,2026-09-15T22:54:35.069676+00:00,False,True,False,True,True,False,0.18000000000000005
Q070,chemistry,moderate,What is the atomic number of Ytterbium?,70,"According to the periodic table, Ytterbium has atomic number 70.",IUPAC periodic table,clean,"According to the periodic table, Ytterbium has atomic number 70.",mock,deterministic-demo-v1,"ANSWER: 70
CONFIDENCE: 0.98",70,0.98,28.44,27,2026-09-15T22:54:35.069794+00:00,False,True,True,False,False,False,0.020000000000000018
Q070,chemistry,moderate,What is the atomic number of Ytterbium?,70,"According to the periodic table, Ytterbium has atomic number 70.",IUPAC periodic table,missing,"According to the periodic table, Ytterbium is a chemical element.",mock,deterministic-demo-v1,"ANSWER: 70
CONFIDENCE: 0.88",70,0.88,78.62,27,2026-09-15T22:54:35.069852+00:00,False,True,False,True,True,False,0.12
Q070,chemistry,moderate,What is the atomic number of Ytterbium?,70,"According to the periodic table, Ytterbium has atomic number 70.",IUPAC periodic table,irrelevant,"Water freezes at 0 degrees Celsius at standard pressure. A leap year normally has 366 days. The Moon is Earth's natural satellite. According to the periodic table, Ytterbium has atomic number 70.",mock,deterministic-demo-v1,"ANSWER: 70
CONFIDENCE: 0.86",70,0.86,64.54,27,2026-09-15T22:54:35.069912+00:00,False,True,True,False,False,False,0.14
Q070,chemistry,moderate,What is the atomic number of Ytterbium?,70,"According to the periodic table, Ytterbium has atomic number 70.",IUPAC periodic table,duplicate_noise,"### RECORD ### According to the periodic table, Ytterbium has atomic number 70. [duplicate] According to the periodic table, Ytterbium has atomic number 70. !!! metadata=null; checksum=unknown",mock,deterministic-demo-v1,"ANSWER: 70
CONFIDENCE: 0.80",70,0.8,25.84,27,2026-09-15T22:54:35.069965+00:00,False,True,True,False,False,False,0.19999999999999996
Q070,chemistry,moderate,What is the atomic number of Ytterbium?,70,"According to the periodic table, Ytterbium has atomic number 70.",IUPAC periodic table,contradictory,"Source A states: According to the periodic table, Ytterbium has atomic number 70. Source B states: Ytterbium has atomic number 69.",mock,deterministic-demo-v1,"ANSWER: 70
CONFIDENCE: 0.76",70,0.76,43.86,27,2026-09-15T22:54:35.070070+00:00,False,True,True,False,False,False,0.24
Q070,chemistry,moderate,What is the atomic number of Ytterbium?,70,"According to the periodic table, Ytterbium has atomic number 70.",IUPAC periodic table,no_context,,mock,deterministic-demo-v1,"ANSWER: 68
CONFIDENCE: 0.68",68,0.68,45.49,27,2026-09-15T22:54:35.070154+00:00,False,False,False,True,True,False,0.68
Q071,chemistry,moderate,What is the atomic number of Lutetium?,71,"According to the periodic table, Lutetium has atomic number 71.",IUPAC periodic table,clean,"According to the periodic table, Lutetium has atomic number 71.",mock,deterministic-demo-v1,"ANSWER: 71
CONFIDENCE: 0.87",71,0.87,61.25,27,2026-09-15T22:54:35.070296+00:00,False,True,True,False,False,False,0.13
Q071,chemistry,moderate,What is the atomic number of Lutetium?,71,"According to the periodic table, Lutetium has atomic number 71.",IUPAC periodic table,missing,"According to the periodic table, Lutetium is a chemical element.",mock,deterministic-demo-v1,"ANSWER: Insufficient information.
CONFIDENCE: 0.77",Insufficient information.,0.77,39.89,50,2026-09-15T22:54:35.070357+00:00,True,False,False,False,False,True,0.77
Q071,chemistry,moderate,What is the atomic number of Lutetium?,71,"According to the periodic table, Lutetium has atomic number 71.",IUPAC periodic table,irrelevant,"Water freezes at 0 degrees Celsius at standard pressure. A leap year normally has 366 days. The Moon is Earth's natural satellite. According to the periodic table, Lutetium has atomic number 71.",mock,deterministic-demo-v1,"ANSWER: 71
CONFIDENCE: 0.83",71,0.83,75.7,27,2026-09-15T22:54:35.070418+00:00,False,True,True,False,False,False,0.17000000000000004
Q071,chemistry,moderate,What is the atomic number of Lutetium?,71,"According to the periodic table, Lutetium has atomic number 71.",IUPAC periodic table,duplicate_noise,"### RECORD ### According to the periodic table, Lutetium has atomic number 71. [duplicate] According to the periodic table, Lutetium has atomic number 71. !!! metadata=null; checksum=unknown",mock,deterministic-demo-v1,"ANSWER: 71
CONFIDENCE: 0.74",71,0.74,35.09,27,2026-09-15T22:54:35.070510+00:00,False,True,True,False,False,False,0.26
Q071,chemistry,moderate,What is the atomic number of Lutetium?,71,"According to the periodic table, Lutetium has atomic number 71.",IUPAC periodic table,contradictory,"Source A states: According to the periodic table, Lutetium has atomic number 71. Source B states: Lutetium has atomic number 72.",mock,deterministic-demo-v1,"ANSWER: 74
CONFIDENCE: 0.63",74,0.63,54.37,27,2026-09-15T22:54:35.070578+00:00,False,False,True,False,True,False,0.63
Q071,chemistry,moderate,What is the atomic number of Lutetium?,71,"According to the periodic table, Lutetium has atomic number 71.",IUPAC periodic table,no_context,,mock,deterministic-demo-v1,"ANSWER: 71
CONFIDENCE: 0.75",71,0.75,56.19,27,2026-09-15T22:54:35.070662+00:00,False,True,False,True,True,False,0.25
Q072,chemistry,moderate,What is the atomic number of Hafnium?,72,"According to the periodic table, Hafnium has atomic number 72.",IUPAC periodic table,clean,"According to the periodic table, Hafnium has atomic number 72.",mock,deterministic-demo-v1,"ANSWER: 72
CONFIDENCE: 0.83",72,0.83,56.59,27,2026-09-15T22:54:35.070836+00:00,False,True,True,False,False,False,0.17000000000000004
Q072,chemistry,moderate,What is the atomic number of Hafnium?,72,"According to the periodic table, Hafnium has atomic number 72.",IUPAC periodic table,missing,"According to the periodic table, Hafnium is a chemical element.",mock,deterministic-demo-v1,"ANSWER: Insufficient information.
CONFIDENCE: 0.86",Insufficient information.,0.86,28.11,50,2026-09-15T22:54:35.070898+00:00,True,False,False,False,False,True,0.86
Q072,chemistry,moderate,What is the atomic number of Hafnium?,72,"According to the periodic table, Hafnium has atomic number 72.",IUPAC periodic table,irrelevant,"A triangle has three sides. The Moon is Earth's natural satellite. The Pacific Ocean is Earth's largest ocean. According to the periodic table, Hafnium has atomic number 72.",mock,deterministic-demo-v1,"ANSWER: 72
CONFIDENCE: 0.73",72,0.73,59.18,27,2026-09-15T22:54:35.070995+00:00,False,True,True,False,False,False,0.27
Q072,chemistry,moderate,What is the atomic number of Hafnium?,72,"According to the periodic table, Hafnium has atomic number 72.",IUPAC periodic table,duplicate_noise,"### RECORD ### According to the periodic table, Hafnium has atomic number 72. [duplicate] According to the periodic table, Hafnium has atomic number 72. !!! metadata=null; checksum=unknown",mock,deterministic-demo-v1,"ANSWER: 72
CONFIDENCE: 0.81",72,0.81,70.3,27,2026-09-15T22:54:35.071049+00:00,False,True,True,False,False,False,0.18999999999999995
Q072,chemistry,moderate,What is the atomic number of Hafnium?,72,"According to the periodic table, Hafnium has atomic number 72.",IUPAC periodic table,contradictory,"Source A states: According to the periodic table, Hafnium has atomic number 72. Source B states: Hafnium has atomic number 73.",mock,deterministic-demo-v1,"ANSWER: 72
CONFIDENCE: 0.93",72,0.93,51.53,27,2026-09-15T22:54:35.071140+00:00,False,True,True,False,False,False,0.06999999999999995
Q072,chemistry,moderate,What is the atomic number of Hafnium?,72,"According to the periodic table, Hafnium has atomic number 72.",IUPAC periodic table,no_context,,mock,deterministic-demo-v1,"ANSWER: 75
CONFIDENCE: 0.80",75,0.8,65.12,27,2026-09-15T22:54:35.071202+00:00,False,False,False,True,True,False,0.8
Q073,chemistry,moderate,What is the atomic number of Tantalum?,73,"According to the periodic table, Tantalum has atomic number 73.",IUPAC periodic table,clean,"According to the periodic table, Tantalum has atomic number 73.",mock,deterministic-demo-v1,"ANSWER: 73
CONFIDENCE: 0.88",73,0.88,26.25,27,2026-09-15T22:54:35.071343+00:00,False,True,True,False,False,False,0.12
Q073,chemistry,moderate,What is the atomic number of Tantalum?,73,"According to the periodic table, Tantalum has atomic number 73.",IUPAC periodic table,missing,"According to the periodic table, Tantalum is a chemical element.",mock,deterministic-demo-v1,"ANSWER: 73
CONFIDENCE: 0.84",73,0.84,40.0,27,2026-09-15T22:54:35.071402+00:00,False,True,False,True,True,False,0.16000000000000003
Q073,chemistry,moderate,What is the atomic number of Tantalum?,73,"According to the periodic table, Tantalum has atomic number 73.",IUPAC periodic table,irrelevant,"A triangle has three sides. The Pacific Ocean is Earth's largest ocean. A leap year normally has 366 days. According to the periodic table, Tantalum has atomic number 73.",mock,deterministic-demo-v1,"ANSWER: 73
CONFIDENCE: 0.70",73,0.7,25.74,27,2026-09-15T22:54:35.071462+00:00,False,True,True,False,False,False,0.30000000000000004
Q073,chemistry,moderate,What is the atomic number of Tantalum?,73,"According to the periodic table, Tantalum has atomic number 73.",IUPAC periodic table,duplicate_noise,"### RECORD ### According to the periodic table, Tantalum has atomic number 73. [duplicate] According to the periodic table, Tantalum has atomic number 73. !!! metadata=null; checksum=unknown",mock,deterministic-demo-v1,"ANSWER: 73
CONFIDENCE: 0.79",73,0.79,18.57,27,2026-09-15T22:54:35.071557+00:00,False,True,True,False,False,False,0.20999999999999996
Q073,chemistry,moderate,What is the atomic number of Tantalum?,73,"According to the periodic table, Tantalum has atomic number 73.",IUPAC periodic table,contradictory,"Source A states: According to the periodic table, Tantalum has atomic number 73. Source B states: Tantalum has atomic number 72.",mock,deterministic-demo-v1,"ANSWER: 73
CONFIDENCE: 0.93",73,0.93,46.67,27,2026-09-15T22:54:35.071616+00:00,False,True,True,False,False,False,0.06999999999999995
Q073,chemistry,moderate,What is the atomic number of Tantalum?,73,"According to the periodic table, Tantalum has atomic number 73.",IUPAC periodic table,no_context,,mock,deterministic-demo-v1,"ANSWER: Insufficient information.
CONFIDENCE: 0.79",Insufficient information.,0.79,32.05,50,2026-09-15T22:54:35.071669+00:00,True,False,False,False,False,True,0.79
Q074,chemistry,moderate,What is the atomic number of Tungsten?,74,"According to the periodic table, Tungsten has atomic number 74.",IUPAC periodic table,clean,"According to the periodic table, Tungsten has atomic number 74.",mock,deterministic-demo-v1,"ANSWER: 74
CONFIDENCE: 0.96",74,0.96,43.96,27,2026-09-15T22:54:35.071834+00:00,False,True,True,False,False,False,0.040000000000000036
Q074,chemistry,moderate,What is the atomic number of Tungsten?,74,"According to the periodic table, Tungsten has atomic number 74.",IUPAC periodic table,missing,"According to the periodic table, Tungsten is a chemical element.",mock,deterministic-demo-v1,"ANSWER: Insufficient information.
CONFIDENCE: 0.86",Insufficient information.,0.86,70.73,50,2026-09-15T22:54:35.071893+00:00,True,False,False,False,False,True,0.86
Q074,chemistry,moderate,What is the atomic number of Tungsten?,74,"According to the periodic table, Tungsten has atomic number 74.",IUPAC periodic table,irrelevant,"Water freezes at 0 degrees Celsius at standard pressure. The Pacific Ocean is Earth's largest ocean. The Moon is Earth's natural satellite. According to the periodic table, Tungsten has atomic number 74.",mock,deterministic-demo-v1,"ANSWER: 71
CONFIDENCE: 0.65",71,0.65,65.22,27,2026-09-15T22:54:35.071956+00:00,False,False,True,False,True,False,0.65
Q074,chemistry,moderate,What is the atomic number of Tungsten?,74,"According to the periodic table, Tungsten has atomic number 74.",IUPAC periodic table,duplicate_noise,"### RECORD ### According to the periodic table, Tungsten has atomic number 74. [duplicate] According to the periodic table, Tungsten has atomic number 74. !!! metadata=null; checksum=unknown",mock,deterministic-demo-v1,"ANSWER: 71
CONFIDENCE: 0.65",71,0.65,35.53,27,2026-09-15T22:54:35.072011+00:00,False,False,True,False,True,False,0.65
Q074,chemistry,moderate,What is the atomic number of Tungsten?,74,"According to the periodic table, Tungsten has atomic number 74.",IUPAC periodic table,contradictory,"Source A states: According to the periodic table, Tungsten has atomic number 74. Source B states: Tungsten has atomic number 75.",mock,deterministic-demo-v1,"ANSWER: 78
CONFIDENCE: 0.61",78,0.61,20.09,27,2026-09-15T22:54:35.072175+00:00,False,False,True,False,True,False,0.61
Q074,chemistry,moderate,What is the atomic number of Tungsten?,74,"According to the periodic table, Tungsten has atomic number 74.",IUPAC periodic table,no_context,,mock,deterministic-demo-v1,"ANSWER: Insufficient information.
CONFIDENCE: 0.69",Insufficient information.,0.69,67.87,50,2026-09-15T22:54:35.072240+00:00,True,False,False,False,False,True,0.69
Q075,chemistry,moderate,What is the atomic number of Rhenium?,75,"According to the periodic table, Rhenium has atomic number 75.",IUPAC periodic table,clean,"According to the periodic table, Rhenium has atomic number 75.",mock,deterministic-demo-v1,"ANSWER: 72
CONFIDENCE: 0.79",72,0.79,39.87,27,2026-09-15T22:54:35.072389+00:00,False,False,True,False,True,False,0.79
Q075,chemistry,moderate,What is the atomic number of Rhenium?,75,"According to the periodic table, Rhenium has atomic number 75.",IUPAC periodic table,missing,"According to the periodic table, Rhenium is a chemical element.",mock,deterministic-demo-v1,"ANSWER: 75
CONFIDENCE: 0.90",75,0.9,16.34,27,2026-09-15T22:54:35.072448+00:00,False,True,False,True,True,False,0.09999999999999998
Q075,chemistry,moderate,What is the atomic number of Rhenium?,75,"According to the periodic table, Rhenium has atomic number 75.",IUPAC periodic table,irrelevant,"The Moon is Earth's natural satellite. The Pacific Ocean is Earth's largest ocean. A triangle has three sides. According to the periodic table, Rhenium has atomic number 75.",mock,deterministic-demo-v1,"ANSWER: 75
CONFIDENCE: 0.84",75,0.84,18.42,27,2026-09-15T22:54:35.072508+00:00,False,True,True,False,False,False,0.16000000000000003
Q075,chemistry,moderate,What is the atomic number of Rhenium?,75,"According to the periodic table, Rhenium has atomic number 75.",IUPAC periodic table,duplicate_noise,"### RECORD ### According to the periodic table, Rhenium has atomic number 75. [duplicate] According to the periodic table, Rhenium has atomic number 75. !!! metadata=null; checksum=unknown",mock,deterministic-demo-v1,"ANSWER: 75
CONFIDENCE: 0.84",75,0.84,24.93,27,2026-09-15T22:54:35.072561+00:00,False,True,True,False,False,False,0.16000000000000003
Q075,chemistry,moderate,What is the atomic number of Rhenium?,75,"According to the periodic table, Rhenium has atomic number 75.",IUPAC periodic table,contradictory,"Source A states: According to the periodic table, Rhenium has atomic number 75. Source B states: Rhenium has atomic number 74.",mock,deterministic-demo-v1,"ANSWER: 75
CONFIDENCE: 0.77",75,0.77,74.87,27,2026-09-15T22:54:35.072686+00:00,False,True,True,False,False,False,0.22999999999999998
Q075,chemistry,moderate,What is the atomic number of Rhenium?,75,"According to the periodic table, Rhenium has atomic number 75.",IUPAC periodic table,no_context,,mock,deterministic-demo-v1,"ANSWER: Insufficient information.
CONFIDENCE: 0.75",Insufficient information.,0.75,71.44,50,2026-09-15T22:54:35.072744+00:00,True,False,False,False,False,True,0.75
Q076,chemistry,moderate,What is the atomic number of Osmium?,76,"According to the periodic table, Osmium has atomic number 76.",IUPAC periodic table,clean,"According to the periodic table, Osmium has atomic number 76.",mock,deterministic-demo-v1,"ANSWER: 76
CONFIDENCE: 0.88",76,0.88,75.33,27,2026-09-15T22:54:35.072881+00:00,False,True,True,False,False,False,0.12
Q076,chemistry,moderate,What is the atomic number of Osmium?,76,"According to the periodic table, Osmium has atomic number 76.",IUPAC periodic table,missing,"According to the periodic table, Osmium is a chemical element.",mock,deterministic-demo-v1,"ANSWER: 76
CONFIDENCE: 0.92",76,0.92,48.79,27,2026-09-15T22:54:35.072939+00:00,False,True,False,True,True,False,0.07999999999999996
Q076,chemistry,moderate,What is the atomic number of Osmium?,76,"According to the periodic table, Osmium has atomic number 76.",IUPAC periodic table,irrelevant,"Water freezes at 0 degrees Celsius at standard pressure. A triangle has three sides. A leap year normally has 366 days. According to the periodic table, Osmium has atomic number 76.",mock,deterministic-demo-v1,"ANSWER: 76
CONFIDENCE: 0.86",76,0.86,60.79,27,2026-09-15T22:54:35.072999+00:00,False,True,True,False,False,False,0.14
Q076,chemistry,moderate,What is the atomic number of Osmium?,76,"According to the periodic table, Osmium has atomic number 76.",IUPAC periodic table,duplicate_noise,"### RECORD ### According to the periodic table, Osmium has atomic number 76. [duplicate] According to the periodic table, Osmium has atomic number 76. !!! metadata=null; checksum=unknown",mock,deterministic-demo-v1,"ANSWER: 76
CONFIDENCE: 0.66",76,0.66,24.8,27,2026-09-15T22:54:35.073052+00:00,False,True,True,False,False,False,0.33999999999999997
Q076,chemistry,moderate,What is the atomic number of Osmium?,76,"According to the periodic table, Osmium has atomic number 76.",IUPAC periodic table,contradictory,"Source A states: According to the periodic table, Osmium has atomic number 76. Source B states: Osmium has atomic number 78.",mock,deterministic-demo-v1,"ANSWER: 78
CONFIDENCE: 0.66",78,0.66,34.18,27,2026-09-15T22:54:35.073144+00:00,False,False,True,False,True,False,0.66
Q076,chemistry,moderate,What is the atomic number of Osmium?,76,"According to the periodic table, Osmium has atomic number 76.",IUPAC periodic table,no_context,,mock,deterministic-demo-v1,"ANSWER: 76
CONFIDENCE: 0.89",76,0.89,61.33,27,2026-09-15T22:54:35.073202+00:00,False,True,False,True,True,False,0.10999999999999999
Q077,chemistry,moderate,What is the atomic number of Iridium?,77,"According to the periodic table, Iridium has atomic number 77.",IUPAC periodic table,clean,"According to the periodic table, Iridium has atomic number 77.",mock,deterministic-demo-v1,"ANSWER: 77
CONFIDENCE: 0.83",77,0.83,21.71,27,2026-09-15T22:54:35.073333+00:00,False,True,True,False,False,False,0.17000000000000004
Q077,chemistry,moderate,What is the atomic number of Iridium?,77,"According to the periodic table, Iridium has atomic number 77.",IUPAC periodic table,missing,"According to the periodic table, Iridium is a chemical element.",mock,deterministic-demo-v1,"ANSWER: Insufficient information.
CONFIDENCE: 0.86",Insufficient information.,0.86,44.06,50,2026-09-15T22:54:35.073392+00:00,True,False,False,False,False,True,0.86
Q077,chemistry,moderate,What is the atomic number of Iridium?,77,"According to the periodic table, Iridium has atomic number 77.",IUPAC periodic table,irrelevant,"The Moon is Earth's natural satellite. A leap year normally has 366 days. The Pacific Ocean is Earth's largest ocean. According to the periodic table, Iridium has atomic number 77.",mock,deterministic-demo-v1,"ANSWER: 77
CONFIDENCE: 0.92",77,0.92,77.79,27,2026-09-15T22:54:35.073500+00:00,False,True,True,False,False,False,0.07999999999999996
Q077,chemistry,moderate,What is the atomic number of Iridium?,77,"According to the periodic table, Iridium has atomic number 77.",IUPAC periodic table,duplicate_noise,"### RECORD ### According to the periodic table, Iridium has atomic number 77. [duplicate] According to the periodic table, Iridium has atomic number 77. !!! metadata=null; checksum=unknown",mock,deterministic-demo-v1,"ANSWER: 77
CONFIDENCE: 0.80",77,0.8,48.95,27,2026-09-15T22:54:35.073554+00:00,False,True,True,False,False,False,0.19999999999999996
Q077,chemistry,moderate,What is the atomic number of Iridium?,77,"According to the periodic table, Iridium has atomic number 77.",IUPAC periodic table,contradictory,"Source A states: According to the periodic table, Iridium has atomic number 77. Source B states: Iridium has atomic number 78.",mock,deterministic-demo-v1,"ANSWER: 73
CONFIDENCE: 0.69",73,0.69,78.92,27,2026-09-15T22:54:35.073615+00:00,False,False,True,False,True,False,0.69
Q077,chemistry,moderate,What is the atomic number of Iridium?,77,"According to the periodic table, Iridium has atomic number 77.",IUPAC periodic table,no_context,,mock,deterministic-demo-v1,"ANSWER: 79
CONFIDENCE: 0.66",79,0.66,20.58,27,2026-09-15T22:54:35.073669+00:00,False,False,False,True,True,False,0.66
Q078,chemistry,moderate,What is the atomic number of Platinum?,78,"According to the periodic table, Platinum has atomic number 78.",IUPAC periodic table,clean,"According to the periodic table, Platinum has atomic number 78.",mock,deterministic-demo-v1,"ANSWER: 78
CONFIDENCE: 0.95",78,0.95,68.24,27,2026-09-15T22:54:35.073801+00:00,False,True,True,False,False,False,0.050000000000000044
Q078,chemistry,moderate,What is the atomic number of Platinum?,78,"According to the periodic table, Platinum has atomic number 78.",IUPAC periodic table,missing,"According to the periodic table, Platinum is a chemical element.",mock,deterministic-demo-v1,"ANSWER: 78
CONFIDENCE: 0.75",78,0.75,38.38,27,2026-09-15T22:54:35.073859+00:00,False,True,False,True,True,False,0.25
Q078,chemistry,moderate,What is the atomic number of Platinum?,78,"According to the periodic table, Platinum has atomic number 78.",IUPAC periodic table,irrelevant,"A leap year normally has 366 days. A triangle has three sides. The Pacific Ocean is Earth's largest ocean. According to the periodic table, Platinum has atomic number 78.",mock,deterministic-demo-v1,"ANSWER: 78
CONFIDENCE: 0.76",78,0.76,41.28,27,2026-09-15T22:54:35.073919+00:00,False,True,True,False,False,False,0.24
Q078,chemistry,moderate,What is the atomic number of Platinum?,78,"According to the periodic table, Platinum has atomic number 78.",IUPAC periodic table,duplicate_noise,"### RECORD ### According to the periodic table, Platinum has atomic number 78. [duplicate] According to the periodic table, Platinum has atomic number 78. !!! metadata=null; checksum=unknown",mock,deterministic-demo-v1,"ANSWER: 78
CONFIDENCE: 0.80",78,0.8,76.0,27,2026-09-15T22:54:35.073972+00:00,False,True,True,False,False,False,0.19999999999999996
Q078,chemistry,moderate,What is the atomic number of Platinum?,78,"According to the periodic table, Platinum has atomic number 78.",IUPAC periodic table,contradictory,"Source A states: According to the periodic table, Platinum has atomic number 78. Source B states: Platinum has atomic number 76.",mock,deterministic-demo-v1,"ANSWER: 78
CONFIDENCE: 0.81",78,0.81,71.83,27,2026-09-15T22:54:35.074029+00:00,False,True,True,False,False,False,0.18999999999999995
Q078,chemistry,moderate,What is the atomic number of Platinum?,78,"According to the periodic table, Platinum has atomic number 78.",IUPAC periodic table,no_context,,mock,deterministic-demo-v1,"ANSWER: 82
CONFIDENCE: 0.77",82,0.77,45.03,27,2026-09-15T22:54:35.074083+00:00,False,False,False,True,True,False,0.77
Q079,chemistry,moderate,What is the atomic number of Gold?,79,"According to the periodic table, Gold has atomic number 79.",IUPAC periodic table,clean,"According to the periodic table, Gold has atomic number 79.",mock,deterministic-demo-v1,"ANSWER: 79
CONFIDENCE: 0.89",79,0.89,25.68,27,2026-09-15T22:54:35.074295+00:00,False,True,True,False,False,False,0.10999999999999999
Q079,chemistry,moderate,What is the atomic number of Gold?,79,"According to the periodic table, Gold has atomic number 79.",IUPAC periodic table,missing,"According to the periodic table, Gold is a chemical element.",mock,deterministic-demo-v1,"ANSWER: 79
CONFIDENCE: 0.91",79,0.91,48.0,27,2026-09-15T22:54:35.074356+00:00,False,True,False,True,True,False,0.08999999999999997
Q079,chemistry,moderate,What is the atomic number of Gold?,79,"According to the periodic table, Gold has atomic number 79.",IUPAC periodic table,irrelevant,"A triangle has three sides. Water freezes at 0 degrees Celsius at standard pressure. The Pacific Ocean is Earth's largest ocean. According to the periodic table, Gold has atomic number 79.",mock,deterministic-demo-v1,"ANSWER: 79
CONFIDENCE: 0.94",79,0.94,36.56,27,2026-09-15T22:54:35.074451+00:00,False,True,True,False,False,False,0.06000000000000005
Q079,chemistry,moderate,What is the atomic number of Gold?,79,"According to the periodic table, Gold has atomic number 79.",IUPAC periodic table,duplicate_noise,"### RECORD ### According to the periodic table, Gold has atomic number 79. [duplicate] According to the periodic table, Gold has atomic number 79. !!! metadata=null; checksum=unknown",mock,deterministic-demo-v1,"ANSWER: 79
CONFIDENCE: 0.71",79,0.71,55.41,27,2026-09-15T22:54:35.074510+00:00,False,True,True,False,False,False,0.29000000000000004
Q079,chemistry,moderate,What is the atomic number of Gold?,79,"According to the periodic table, Gold has atomic number 79.",IUPAC periodic table,contradictory,"Source A states: According to the periodic table, Gold has atomic number 79. Source B states: Gold has atomic number 81.",mock,deterministic-demo-v1,"ANSWER: 79
CONFIDENCE: 0.87",79,0.87,49.0,27,2026-09-15T22:54:35.074568+00:00,False,True,True,False,False,False,0.13
Q079,chemistry,moderate,What is the atomic number of Gold?,79,"According to the periodic table, Gold has atomic number 79.",IUPAC periodic table,no_context,,mock,deterministic-demo-v1,"ANSWER: 79
CONFIDENCE: 0.83",79,0.83,74.2,27,2026-09-15T22:54:35.074644+00:00,False,True,False,True,True,False,0.17000000000000004
Q080,chemistry,moderate,What is the atomic number of Mercury?,80,"According to the periodic table, Mercury has atomic number 80.",IUPAC periodic table,clean,"According to the periodic table, Mercury has atomic number 80.",mock,deterministic-demo-v1,"ANSWER: 80
CONFIDENCE: 0.94",80,0.94,40.68,27,2026-09-15T22:54:35.074786+00:00,False,True,True,False,False,False,0.06000000000000005
Q080,chemistry,moderate,What is the atomic number of Mercury?,80,"According to the periodic table, Mercury has atomic number 80.",IUPAC periodic table,missing,"According to the periodic table, Mercury is a chemical element.",mock,deterministic-demo-v1,"ANSWER: Insufficient information.
CONFIDENCE: 0.74",Insufficient information.,0.74,73.99,50,2026-09-15T22:54:35.074846+00:00,True,False,False,False,False,True,0.74
Q080,chemistry,moderate,What is the atomic number of Mercury?,80,"According to the periodic table, Mercury has atomic number 80.",IUPAC periodic table,irrelevant,"Water freezes at 0 degrees Celsius at standard pressure. A triangle has three sides. The Pacific Ocean is Earth's largest ocean. According to the periodic table, Mercury has atomic number 80.",mock,deterministic-demo-v1,"ANSWER: 80
CONFIDENCE: 0.78",80,0.78,50.56,27,2026-09-15T22:54:35.074907+00:00,False,True,True,False,False,False,0.21999999999999997
Q080,chemistry,moderate,What is the atomic number of Mercury?,80,"According to the periodic table, Mercury has atomic number 80.",IUPAC periodic table,duplicate_noise,"### RECORD ### According to the periodic table, Mercury has atomic number 80. [duplicate] According to the periodic table, Mercury has atomic number 80. !!! metadata=null; checksum=unknown",mock,deterministic-demo-v1,"ANSWER: 80
CONFIDENCE: 0.86",80,0.86,45.02,27,2026-09-15T22:54:35.074960+00:00,False,True,True,False,False,False,0.14
Q080,chemistry,moderate,What is the atomic number of Mercury?,80,"According to the periodic table, Mercury has atomic number 80.",IUPAC periodic table,contradictory,"Source A states: According to the periodic table, Mercury has atomic number 80. Source B states: Mercury has atomic number 81.",mock,deterministic-demo-v1,"ANSWER: 78
CONFIDENCE: 0.89",78,0.89,57.89,27,2026-09-15T22:54:35.075065+00:00,False,False,True,False,True,False,0.89
Q080,chemistry,moderate,What is the atomic number of Mercury?,80,"According to the periodic table, Mercury has atomic number 80.",IUPAC periodic table,no_context,,mock,deterministic-demo-v1,"ANSWER: 80
CONFIDENCE: 0.69",80,0.69,78.14,27,2026-09-15T22:54:35.075148+00:00,False,True,False,True,True,False,0.31000000000000005
Q081,chemistry,moderate,What is the atomic number of Thallium?,81,"According to the periodic table, Thallium has atomic number 81.",IUPAC periodic table,clean,"According to the periodic table, Thallium has atomic number 81.",mock,deterministic-demo-v1,"ANSWER: 81
CONFIDENCE: 0.83",81,0.83,74.8,27,2026-09-15T22:54:35.075291+00:00,False,True,True,False,False,False,0.17000000000000004
Q081,chemistry,moderate,What is the atomic number of Thallium?,81,"According to the periodic table, Thallium has atomic number 81.",IUPAC periodic table,missing,"According to the periodic table, Thallium is a chemical element.",mock,deterministic-demo-v1,"ANSWER: Insufficient information.
CONFIDENCE: 0.75",Insufficient information.,0.75,32.9,50,2026-09-15T22:54:35.075351+00:00,True,False,False,False,False,True,0.75
Q081,chemistry,moderate,What is the atomic number of Thallium?,81,"According to the periodic table, Thallium has atomic number 81.",IUPAC periodic table,irrelevant,"A leap year normally has 366 days. A triangle has three sides. The Pacific Ocean is Earth's largest ocean. According to the periodic table, Thallium has atomic number 81.",mock,deterministic-demo-v1,"ANSWER: 81
CONFIDENCE: 0.82",81,0.82,26.96,27,2026-09-15T22:54:35.075412+00:00,False,True,True,False,False,False,0.18000000000000005
Q081,chemistry,moderate,What is the atomic number of Thallium?,81,"According to the periodic table, Thallium has atomic number 81.",IUPAC periodic table,duplicate_noise,"### RECORD ### According to the periodic table, Thallium has atomic number 81. [duplicate] According to the periodic table, Thallium has atomic number 81. !!! metadata=null; checksum=unknown",mock,deterministic-demo-v1,"ANSWER: 81
CONFIDENCE: 0.90",81,0.9,21.0,27,2026-09-15T22:54:35.075464+00:00,False,True,True,False,False,False,0.09999999999999998
Q081,chemistry,moderate,What is the atomic number of Thallium?,81,"According to the periodic table, Thallium has atomic number 81.",IUPAC periodic table,contradictory,"Source A states: According to the periodic table, Thallium has atomic number 81. Source B states: Thallium has atomic number 78.",mock,deterministic-demo-v1,"ANSWER: 78
CONFIDENCE: 0.73",78,0.73,46.02,27,2026-09-15T22:54:35.075557+00:00,False,False,True,False,True,False,0.73
Q081,chemistry,moderate,What is the atomic number of Thallium?,81,"According to the periodic table, Thallium has atomic number 81.",IUPAC periodic table,no_context,,mock,deterministic-demo-v1,"ANSWER: Insufficient information.
CONFIDENCE: 0.70",Insufficient information.,0.7,79.21,50,2026-09-15T22:54:35.075615+00:00,True,False,False,False,False,True,0.7
Q082,chemistry,moderate,What is the atomic number of Lead?,82,"According to the periodic table, Lead has atomic number 82.",IUPAC periodic table,clean,"According to the periodic table, Lead has atomic number 82.",mock,deterministic-demo-v1,"ANSWER: 82
CONFIDENCE: 0.87",82,0.87,40.41,27,2026-09-15T22:54:35.075839+00:00,False,True,True,False,False,False,0.13
Q082,chemistry,moderate,What is the atomic number of Lead?,82,"According to the periodic table, Lead has atomic number 82.",IUPAC periodic table,missing,"According to the periodic table, Lead is a chemical element.",mock,deterministic-demo-v1,"ANSWER: 82
CONFIDENCE: 0.78",82,0.78,16.45,27,2026-09-15T22:54:35.075900+00:00,False,True,False,True,True,False,0.21999999999999997
Q082,chemistry,moderate,What is the atomic number of Lead?,82,"According to the periodic table, Lead has atomic number 82.",IUPAC periodic table,irrelevant,"Water freezes at 0 degrees Celsius at standard pressure. A leap year normally has 366 days. The Moon is Earth's natural satellite. According to the periodic table, Lead has atomic number 82.",mock,deterministic-demo-v1,"ANSWER: 82
CONFIDENCE: 0.79",82,0.79,60.11,27,2026-09-15T22:54:35.075996+00:00,False,True,True,False,False,False,0.20999999999999996
Q082,chemistry,moderate,What is the atomic number of Lead?,82,"According to the periodic table, Lead has atomic number 82.",IUPAC periodic table,duplicate_noise,"### RECORD ### According to the periodic table, Lead has atomic number 82. [duplicate] According to the periodic table, Lead has atomic number 82. !!! metadata=null; checksum=unknown",mock,deterministic-demo-v1,"ANSWER: 82
CONFIDENCE: 0.85",82,0.85,17.65,27,2026-09-15T22:54:35.076050+00:00,False,True,True,False,False,False,0.15000000000000002
Q082,chemistry,moderate,What is the atomic number of Lead?,82,"According to the periodic table, Lead has atomic number 82.",IUPAC periodic table,contradictory,"Source A states: According to the periodic table, Lead has atomic number 82. Source B states: Lead has atomic number 80.",mock,deterministic-demo-v1,"ANSWER: 86
CONFIDENCE: 0.87",86,0.87,71.94,27,2026-09-15T22:54:35.076232+00:00,False,False,True,False,True,False,0.87
Q082,chemistry,moderate,What is the atomic number of Lead?,82,"According to the periodic table, Lead has atomic number 82.",IUPAC periodic table,no_context,,mock,deterministic-demo-v1,"ANSWER: 82
CONFIDENCE: 0.67",82,0.67,34.51,27,2026-09-15T22:54:35.076295+00:00,False,True,False,True,True,False,0.32999999999999996
Q083,chemistry,moderate,What is the atomic number of Bismuth?,83,"According to the periodic table, Bismuth has atomic number 83.",IUPAC periodic table,clean,"According to the periodic table, Bismuth has atomic number 83.",mock,deterministic-demo-v1,"ANSWER: 83
CONFIDENCE: 0.90",83,0.9,78.96,27,2026-09-15T22:54:35.076502+00:00,False,True,True,False,False,False,0.09999999999999998
Q083,chemistry,moderate,What is the atomic number of Bismuth?,83,"According to the periodic table, Bismuth has atomic number 83.",IUPAC periodic table,missing,"According to the periodic table, Bismuth is a chemical element.",mock,deterministic-demo-v1,"ANSWER: 83
CONFIDENCE: 0.93",83,0.93,74.31,27,2026-09-15T22:54:35.076562+00:00,False,True,False,True,True,False,0.06999999999999995
Q083,chemistry,moderate,What is the atomic number of Bismuth?,83,"According to the periodic table, Bismuth has atomic number 83.",IUPAC periodic table,irrelevant,"Water freezes at 0 degrees Celsius at standard pressure. The Moon is Earth's natural satellite. The Pacific Ocean is Earth's largest ocean. According to the periodic table, Bismuth has atomic number 83.",mock,deterministic-demo-v1,"ANSWER: 83
CONFIDENCE: 0.75",83,0.75,26.57,27,2026-09-15T22:54:35.076625+00:00,False,True,True,False,False,False,0.25
Q083,chemistry,moderate,What is the atomic number of Bismuth?,83,"According to the periodic table, Bismuth has atomic number 83.",IUPAC periodic table,duplicate_noise,"### RECORD ### According to the periodic table, Bismuth has atomic number 83. [duplicate] According to the periodic table, Bismuth has atomic number 83. !!! metadata=null; checksum=unknown",mock,deterministic-demo-v1,"ANSWER: 83
CONFIDENCE: 0.73",83,0.73,42.46,27,2026-09-15T22:54:35.076679+00:00,False,True,True,False,False,False,0.27
Q083,chemistry,moderate,What is the atomic number of Bismuth?,83,"According to the periodic table, Bismuth has atomic number 83.",IUPAC periodic table,contradictory,"Source A states: According to the periodic table, Bismuth has atomic number 83. Source B states: Bismuth has atomic number 80.",mock,deterministic-demo-v1,"ANSWER: 83
CONFIDENCE: 0.79",83,0.79,56.38,27,2026-09-15T22:54:35.076738+00:00,False,True,True,False,False,False,0.20999999999999996
Q083,chemistry,moderate,What is the atomic number of Bismuth?,83,"According to the periodic table, Bismuth has atomic number 83.",IUPAC periodic table,no_context,,mock,deterministic-demo-v1,"ANSWER: 83
CONFIDENCE: 0.79",83,0.79,35.87,27,2026-09-15T22:54:35.076790+00:00,False,True,False,True,True,False,0.20999999999999996
Q084,chemistry,moderate,What is the atomic number of Polonium?,84,"According to the periodic table, Polonium has atomic number 84.",IUPAC periodic table,clean,"According to the periodic table, Polonium has atomic number 84.",mock,deterministic-demo-v1,"ANSWER: 84
CONFIDENCE: 0.87",84,0.87,45.44,27,2026-09-15T22:54:35.076966+00:00,False,True,True,False,False,False,0.13
Q084,chemistry,moderate,What is the atomic number of Polonium?,84,"According to the periodic table, Polonium has atomic number 84.",IUPAC periodic table,missing,"According to the periodic table, Polonium is a chemical element.",mock,deterministic-demo-v1,"ANSWER: Insufficient information.
CONFIDENCE: 0.87",Insufficient information.,0.87,43.21,50,2026-09-15T22:54:35.077061+00:00,True,False,False,False,False,True,0.87
Q084,chemistry,moderate,What is the atomic number of Polonium?,84,"According to the periodic table, Polonium has atomic number 84.",IUPAC periodic table,irrelevant,"A leap year normally has 366 days. A triangle has three sides. The Moon is Earth's natural satellite. According to the periodic table, Polonium has atomic number 84.",mock,deterministic-demo-v1,"ANSWER: 84
CONFIDENCE: 0.68",84,0.68,19.63,27,2026-09-15T22:54:35.077171+00:00,False,True,True,False,False,False,0.31999999999999995
Q084,chemistry,moderate,What is the atomic number of Polonium?,84,"According to the periodic table, Polonium has atomic number 84.",IUPAC periodic table,duplicate_noise,"### RECORD ### According to the periodic table, Polonium has atomic number 84. [duplicate] According to the periodic table, Polonium has atomic number 84. !!! metadata=null; checksum=unknown",mock,deterministic-demo-v1,"ANSWER: 84
CONFIDENCE: 0.79",84,0.79,31.56,27,2026-09-15T22:54:35.077232+00:00,False,True,True,False,False,False,0.20999999999999996
Q084,chemistry,moderate,What is the atomic number of Polonium?,84,"According to the periodic table, Polonium has atomic number 84.",IUPAC periodic table,contradictory,"Source A states: According to the periodic table, Polonium has atomic number 84. Source B states: Polonium has atomic number 87.",mock,deterministic-demo-v1,"ANSWER: 84
CONFIDENCE: 0.72",84,0.72,74.77,27,2026-09-15T22:54:35.077294+00:00,False,True,True,False,False,False,0.28
Q084,chemistry,moderate,What is the atomic number of Polonium?,84,"According to the periodic table, Polonium has atomic number 84.",IUPAC periodic table,no_context,,mock,deterministic-demo-v1,"ANSWER: Insufficient information.
CONFIDENCE: 0.65",Insufficient information.,0.65,61.18,50,2026-09-15T22:54:35.077348+00:00,True,False,False,False,False,True,0.65
Q085,chemistry,moderate,What is the atomic number of Astatine?,85,"According to the periodic table, Astatine has atomic number 85.",IUPAC periodic table,clean,"According to the periodic table, Astatine has atomic number 85.",mock,deterministic-demo-v1,"ANSWER: 85
CONFIDENCE: 0.90",85,0.9,36.79,27,2026-09-15T22:54:35.077564+00:00,False,True,True,False,False,False,0.09999999999999998
Q085,chemistry,moderate,What is the atomic number of Astatine?,85,"According to the periodic table, Astatine has atomic number 85.",IUPAC periodic table,missing,"According to the periodic table, Astatine is a chemical element.",mock,deterministic-demo-v1,"ANSWER: 85
CONFIDENCE: 0.85",85,0.85,53.3,27,2026-09-15T22:54:35.077628+00:00,False,True,False,True,True,False,0.15000000000000002
Q085,chemistry,moderate,What is the atomic number of Astatine?,85,"According to the periodic table, Astatine has atomic number 85.",IUPAC periodic table,irrelevant,"The Pacific Ocean is Earth's largest ocean. The Moon is Earth's natural satellite. A leap year normally has 366 days. According to the periodic table, Astatine has atomic number 85.",mock,deterministic-demo-v1,"ANSWER: 85
CONFIDENCE: 0.86",85,0.86,46.86,27,2026-09-15T22:54:35.077731+00:00,False,True,True,False,False,False,0.14
Q085,chemistry,moderate,What is the atomic number of Astatine?,85,"According to the periodic table, Astatine has atomic number 85.",IUPAC periodic table,duplicate_noise,"### RECORD ### According to the periodic table, Astatine has atomic number 85. [duplicate] According to the periodic table, Astatine has atomic number 85. !!! metadata=null; checksum=unknown",mock,deterministic-demo-v1,"ANSWER: 85
CONFIDENCE: 0.79",85,0.79,73.24,27,2026-09-15T22:54:35.077790+00:00,False,True,True,False,False,False,0.20999999999999996
Q085,chemistry,moderate,What is the atomic number of Astatine?,85,"According to the periodic table, Astatine has atomic number 85.",IUPAC periodic table,contradictory,"Source A states: According to the periodic table, Astatine has atomic number 85. Source B states: Astatine has atomic number 83.",mock,deterministic-demo-v1,"ANSWER: 85
CONFIDENCE: 0.67",85,0.67,72.34,27,2026-09-15T22:54:35.077879+00:00,False,True,True,False,False,False,0.32999999999999996
Q085,chemistry,moderate,What is the atomic number of Astatine?,85,"According to the periodic table, Astatine has atomic number 85.",IUPAC periodic table,no_context,,mock,deterministic-demo-v1,"ANSWER: 85
CONFIDENCE: 0.89",85,0.89,29.68,27,2026-09-15T22:54:35.077934+00:00,False,True,False,True,True,False,0.10999999999999999
Q086,chemistry,moderate,What is the atomic number of Radon?,86,"According to the periodic table, Radon has atomic number 86.",IUPAC periodic table,clean,"According to the periodic table, Radon has atomic number 86.",mock,deterministic-demo-v1,"ANSWER: 86
CONFIDENCE: 0.94",86,0.94,29.8,27,2026-09-15T22:54:35.078085+00:00,False,True,True,False,False,False,0.06000000000000005
Q086,chemistry,moderate,What is the atomic number of Radon?,86,"According to the periodic table, Radon has atomic number 86.",IUPAC periodic table,missing,"According to the periodic table, Radon is a chemical element.",mock,deterministic-demo-v1,"ANSWER: Insufficient information.
CONFIDENCE: 0.86",Insufficient information.,0.86,22.11,50,2026-09-15T22:54:35.078196+00:00,True,False,False,False,False,True,0.86
Q086,chemistry,moderate,What is the atomic number of Radon?,86,"According to the periodic table, Radon has atomic number 86.",IUPAC periodic table,irrelevant,"The Moon is Earth's natural satellite. A leap year normally has 366 days. A triangle has three sides. According to the periodic table, Radon has atomic number 86.",mock,deterministic-demo-v1,"ANSWER: 86
CONFIDENCE: 0.91",86,0.91,36.85,27,2026-09-15T22:54:35.078259+00:00,False,True,True,False,False,False,0.08999999999999997
Q086,chemistry,moderate,What is the atomic number of Radon?,86,"According to the periodic table, Radon has atomic number 86.",IUPAC periodic table,duplicate_noise,"### RECORD ### According to the periodic table, Radon has atomic number 86. [duplicate] According to the periodic table, Radon has atomic number 86. !!! metadata=null; checksum=unknown",mock,deterministic-demo-v1,"ANSWER: 86
CONFIDENCE: 0.70",86,0.7,48.39,27,2026-09-15T22:54:35.078312+00:00,False,True,True,False,False,False,0.30000000000000004
Q086,chemistry,moderate,What is the atomic number of Radon?,86,"According to the periodic table, Radon has atomic number 86.",IUPAC periodic table,contradictory,"Source A states: According to the periodic table, Radon has atomic number 86. Source B states: Radon has atomic number 84.",mock,deterministic-demo-v1,"ANSWER: 86
CONFIDENCE: 0.91",86,0.91,25.82,27,2026-09-15T22:54:35.078370+00:00,False,True,True,False,False,False,0.08999999999999997
Q086,chemistry,moderate,What is the atomic number of Radon?,86,"According to the periodic table, Radon has atomic number 86.",IUPAC periodic table,no_context,,mock,deterministic-demo-v1,"ANSWER: 86
CONFIDENCE: 0.76",86,0.76,18.87,27,2026-09-15T22:54:35.078422+00:00,False,True,False,True,True,False,0.24
Q087,chemistry,moderate,What is the atomic number of Francium?,87,"According to the periodic table, Francium has atomic number 87.",IUPAC periodic table,clean,"According to the periodic table, Francium has atomic number 87.",mock,deterministic-demo-v1,"ANSWER: 87
CONFIDENCE: 0.95",87,0.95,21.46,27,2026-09-15T22:54:35.078561+00:00,False,True,True,False,False,False,0.050000000000000044
Q087,chemistry,moderate,What is the atomic number of Francium?,87,"According to the periodic table, Francium has atomic number 87.",IUPAC periodic table,missing,"According to the periodic table, Francium is a chemical element.",mock,deterministic-demo-v1,"ANSWER: Insufficient information.
CONFIDENCE: 0.83",Insufficient information.,0.83,42.84,50,2026-09-15T22:54:35.078619+00:00,True,False,False,False,False,True,0.83
Q087,chemistry,moderate,What is the atomic number of Francium?,87,"According to the periodic table, Francium has atomic number 87.",IUPAC periodic table,irrelevant,"A leap year normally has 366 days. Water freezes at 0 degrees Celsius at standard pressure. The Moon is Earth's natural satellite. According to the periodic table, Francium has atomic number 87.",mock,deterministic-demo-v1,"ANSWER: 86
CONFIDENCE: 0.88",86,0.88,69.2,27,2026-09-15T22:54:35.078730+00:00,False,False,True,False,True,False,0.88
Q087,chemistry,moderate,What is the atomic number of Francium?,87,"According to the periodic table, Francium has atomic number 87.",IUPAC periodic table,duplicate_noise,"### RECORD ### According to the periodic table, Francium has atomic number 87. [duplicate] According to the periodic table, Francium has atomic number 87. !!! metadata=null; checksum=unknown",mock,deterministic-demo-v1,"ANSWER: 84
CONFIDENCE: 0.92",84,0.92,48.88,27,2026-09-15T22:54:35.078786+00:00,False,False,True,False,True,False,0.92
Q087,chemistry,moderate,What is the atomic number of Francium?,87,"According to the periodic table, Francium has atomic number 87.",IUPAC periodic table,contradictory,"Source A states: According to the periodic table, Francium has atomic number 87. Source B states: Francium has atomic number 84.",mock,deterministic-demo-v1,"ANSWER: 90
CONFIDENCE: 0.93",90,0.93,49.84,27,2026-09-15T22:54:35.078845+00:00,False,False,True,False,True,False,0.93
Q087,chemistry,moderate,What is the atomic number of Francium?,87,"According to the periodic table, Francium has atomic number 87.",IUPAC periodic table,no_context,,mock,deterministic-demo-v1,"ANSWER: 87
CONFIDENCE: 0.86",87,0.86,40.52,27,2026-09-15T22:54:35.078899+00:00,False,True,False,True,True,False,0.14
Q088,chemistry,moderate,What is the atomic number of Radium?,88,"According to the periodic table, Radium has atomic number 88.",IUPAC periodic table,clean,"According to the periodic table, Radium has atomic number 88.",mock,deterministic-demo-v1,"ANSWER: 88
CONFIDENCE: 0.98",88,0.98,59.23,27,2026-09-15T22:54:35.079033+00:00,False,True,True,False,False,False,0.020000000000000018
Q088,chemistry,moderate,What is the atomic number of Radium?,88,"According to the periodic table, Radium has atomic number 88.",IUPAC periodic table,missing,"According to the periodic table, Radium is a chemical element.",mock,deterministic-demo-v1,"ANSWER: 88
CONFIDENCE: 0.93",88,0.93,56.0,27,2026-09-15T22:54:35.079156+00:00,False,True,False,True,True,False,0.06999999999999995
Q088,chemistry,moderate,What is the atomic number of Radium?,88,"According to the periodic table, Radium has atomic number 88.",IUPAC periodic table,irrelevant,"The Pacific Ocean is Earth's largest ocean. Water freezes at 0 degrees Celsius at standard pressure. The Moon is Earth's natural satellite. According to the periodic table, Radium has atomic number 88.",mock,deterministic-demo-v1,"ANSWER: 88
CONFIDENCE: 0.81",88,0.81,70.55,27,2026-09-15T22:54:35.079223+00:00,False,True,True,False,False,False,0.18999999999999995
Q088,chemistry,moderate,What is the atomic number of Radium?,88,"According to the periodic table, Radium has atomic number 88.",IUPAC periodic table,duplicate_noise,"### RECORD ### According to the periodic table, Radium has atomic number 88. [duplicate] According to the periodic table, Radium has atomic number 88. !!! metadata=null; checksum=unknown",mock,deterministic-demo-v1,"ANSWER: 88
CONFIDENCE: 0.92",88,0.92,32.69,27,2026-09-15T22:54:35.079425+00:00,False,True,True,False,False,False,0.07999999999999996
Q088,chemistry,moderate,What is the atomic number of Radium?,88,"According to the periodic table, Radium has atomic number 88.",IUPAC periodic table,contradictory,"Source A states: According to the periodic table, Radium has atomic number 88. Source B states: Radium has atomic number 91.",mock,deterministic-demo-v1,"ANSWER: 88
CONFIDENCE: 0.85",88,0.85,28.42,27,2026-09-15T22:54:35.079515+00:00,False,True,True,False,False,False,0.15000000000000002
Q088,chemistry,moderate,What is the atomic number of Radium?,88,"According to the periodic table, Radium has atomic number 88.",IUPAC periodic table,no_context,,mock,deterministic-demo-v1,"ANSWER: 88
CONFIDENCE: 0.90",88,0.9,69.7,27,2026-09-15T22:54:35.079568+00:00,False,True,False,True,True,False,0.09999999999999998
Q089,chemistry,moderate,What is the atomic number of Actinium?,89,"According to the periodic table, Actinium has atomic number 89.",IUPAC periodic table,clean,"According to the periodic table, Actinium has atomic number 89.",mock,deterministic-demo-v1,"ANSWER: 89
CONFIDENCE: 0.88",89,0.88,56.0,27,2026-09-15T22:54:35.079757+00:00,False,True,True,False,False,False,0.12
Q089,chemistry,moderate,What is the atomic number of Actinium?,89,"According to the periodic table, Actinium has atomic number 89.",IUPAC periodic table,missing,"According to the periodic table, Actinium is a chemical element.",mock,deterministic-demo-v1,"ANSWER: Insufficient information.
CONFIDENCE: 0.71",Insufficient information.,0.71,24.23,50,2026-09-15T22:54:35.079818+00:00,True,False,False,False,False,True,0.71
Q089,chemistry,moderate,What is the atomic number of Actinium?,89,"According to the periodic table, Actinium has atomic number 89.",IUPAC periodic table,irrelevant,"A leap year normally has 366 days. Water freezes at 0 degrees Celsius at standard pressure. A triangle has three sides. According to the periodic table, Actinium has atomic number 89.",mock,deterministic-demo-v1,"ANSWER: 89
CONFIDENCE: 0.71",89,0.71,63.46,27,2026-09-15T22:54:35.079880+00:00,False,True,True,False,False,False,0.29000000000000004
Q089,chemistry,moderate,What is the atomic number of Actinium?,89,"According to the periodic table, Actinium has atomic number 89.",IUPAC periodic table,duplicate_noise,"### RECORD ### According to the periodic table, Actinium has atomic number 89. [duplicate] According to the periodic table, Actinium has atomic number 89. !!! metadata=null; checksum=unknown",mock,deterministic-demo-v1,"ANSWER: 89
CONFIDENCE: 0.79",89,0.79,68.52,27,2026-09-15T22:54:35.079933+00:00,False,True,True,False,False,False,0.20999999999999996
Q089,chemistry,moderate,What is the atomic number of Actinium?,89,"According to the periodic table, Actinium has atomic number 89.",IUPAC periodic table,contradictory,"Source A states: According to the periodic table, Actinium has atomic number 89. Source B states: Actinium has atomic number 92.",mock,deterministic-demo-v1,"ANSWER: 88
CONFIDENCE: 0.89",88,0.89,44.56,27,2026-09-15T22:54:35.079994+00:00,False,False,True,False,True,False,0.89
Q089,chemistry,moderate,What is the atomic number of Actinium?,89,"According to the periodic table, Actinium has atomic number 89.",IUPAC periodic table,no_context,,mock,deterministic-demo-v1,"ANSWER: 89
CONFIDENCE: 0.73",89,0.73,71.29,27,2026-09-15T22:54:35.080046+00:00,False,True,False,True,True,False,0.27
Q090,chemistry,moderate,What is the atomic number of Thorium?,90,"According to the periodic table, Thorium has atomic number 90.",IUPAC periodic table,clean,"According to the periodic table, Thorium has atomic number 90.",mock,deterministic-demo-v1,"ANSWER: 90
CONFIDENCE: 0.95",90,0.95,25.79,27,2026-09-15T22:54:35.080271+00:00,False,True,True,False,False,False,0.050000000000000044
Q090,chemistry,moderate,What is the atomic number of Thorium?,90,"According to the periodic table, Thorium has atomic number 90.",IUPAC periodic table,missing,"According to the periodic table, Thorium is a chemical element.",mock,deterministic-demo-v1,"ANSWER: Insufficient information.
CONFIDENCE: 0.85",Insufficient information.,0.85,37.72,50,2026-09-15T22:54:35.080333+00:00,True,False,False,False,False,True,0.85
Q090,chemistry,moderate,What is the atomic number of Thorium?,90,"According to the periodic table, Thorium has atomic number 90.",IUPAC periodic table,irrelevant,"The Moon is Earth's natural satellite. A triangle has three sides. The Pacific Ocean is Earth's largest ocean. According to the periodic table, Thorium has atomic number 90.",mock,deterministic-demo-v1,"ANSWER: 90
CONFIDENCE: 0.87",90,0.87,37.04,27,2026-09-15T22:54:35.080393+00:00,False,True,True,False,False,False,0.13
Q090,chemistry,moderate,What is the atomic number of Thorium?,90,"According to the periodic table, Thorium has atomic number 90.",IUPAC periodic table,duplicate_noise,"### RECORD ### According to the periodic table, Thorium has atomic number 90. [duplicate] According to the periodic table, Thorium has atomic number 90. !!! metadata=null; checksum=unknown",mock,deterministic-demo-v1,"ANSWER: 90
CONFIDENCE: 0.68",90,0.68,75.11,27,2026-09-15T22:54:35.080446+00:00,False,True,True,False,False,False,0.31999999999999995
Q090,chemistry,moderate,What is the atomic number of Thorium?,90,"According to the periodic table, Thorium has atomic number 90.",IUPAC periodic table,contradictory,"Source A states: According to the periodic table, Thorium has atomic number 90. Source B states: Thorium has atomic number 88.",mock,deterministic-demo-v1,"ANSWER: 91
CONFIDENCE: 0.69",91,0.69,48.04,27,2026-09-15T22:54:35.080549+00:00,False,False,True,False,True,False,0.69
Q090,chemistry,moderate,What is the atomic number of Thorium?,90,"According to the periodic table, Thorium has atomic number 90.",IUPAC periodic table,no_context,,mock,deterministic-demo-v1,"ANSWER: 89
CONFIDENCE: 0.81",89,0.81,74.43,27,2026-09-15T22:54:35.080605+00:00,False,False,False,True,True,False,0.81
Q091,chemistry,moderate,What is the atomic number of Protactinium?,91,"According to the periodic table, Protactinium has atomic number 91.",IUPAC periodic table,clean,"According to the periodic table, Protactinium has atomic number 91.",mock,deterministic-demo-v1,"ANSWER: 91
CONFIDENCE: 0.84",91,0.84,37.99,27,2026-09-15T22:54:35.080742+00:00,False,True,True,False,False,False,0.16000000000000003
Q091,chemistry,moderate,What is the atomic number of Protactinium?,91,"According to the periodic table, Protactinium has atomic number 91.",IUPAC periodic table,missing,"According to the periodic table, Protactinium is a chemical element.",mock,deterministic-demo-v1,"ANSWER: 90
CONFIDENCE: 0.86",90,0.86,40.96,27,2026-09-15T22:54:35.080803+00:00,False,False,False,True,True,False,0.86
Q091,chemistry,moderate,What is the atomic number of Protactinium?,91,"According to the periodic table, Protactinium has atomic number 91.",IUPAC periodic table,irrelevant,"The Pacific Ocean is Earth's largest ocean. Water freezes at 0 degrees Celsius at standard pressure. The Moon is Earth's natural satellite. According to the periodic table, Protactinium has atomic number 91.",mock,deterministic-demo-v1,"ANSWER: 91
CONFIDENCE: 0.69",91,0.69,69.32,27,2026-09-15T22:54:35.080863+00:00,False,True,True,False,False,False,0.31000000000000005
Q091,chemistry,moderate,What is the atomic number of Protactinium?,91,"According to the periodic table, Protactinium has atomic number 91.",IUPAC periodic table,duplicate_noise,"### RECORD ### According to the periodic table, Protactinium has atomic number 91. [duplicate] According to the periodic table, Protactinium has atomic number 91. !!! metadata=null; checksum=unknown",mock,deterministic-demo-v1,"ANSWER: 91
CONFIDENCE: 0.82",91,0.82,58.53,27,2026-09-15T22:54:35.080917+00:00,False,True,True,False,False,False,0.18000000000000005
Q091,chemistry,moderate,What is the atomic number of Protactinium?,91,"According to the periodic table, Protactinium has atomic number 91.",IUPAC periodic table,contradictory,"Source A states: According to the periodic table, Protactinium has atomic number 91. Source B states: Protactinium has atomic number 88.",mock,deterministic-demo-v1,"ANSWER: 91
CONFIDENCE: 0.85",91,0.85,27.1,27,2026-09-15T22:54:35.080974+00:00,False,True,True,False,False,False,0.15000000000000002
Q091,chemistry,moderate,What is the atomic number of Protactinium?,91,"According to the periodic table, Protactinium has atomic number 91.",IUPAC periodic table,no_context,,mock,deterministic-demo-v1,"ANSWER: 91
CONFIDENCE: 0.86",91,0.86,36.67,27,2026-09-15T22:54:35.081027+00:00,False,True,False,True,True,False,0.14
Q092,chemistry,moderate,What is the atomic number of Uranium?,92,"According to the periodic table, Uranium has atomic number 92.",IUPAC periodic table,clean,"According to the periodic table, Uranium has atomic number 92.",mock,deterministic-demo-v1,"ANSWER: 92
CONFIDENCE: 0.84",92,0.84,65.5,27,2026-09-15T22:54:35.081185+00:00,False,True,True,False,False,False,0.16000000000000003
Q092,chemistry,moderate,What is the atomic number of Uranium?,92,"According to the periodic table, Uranium has atomic number 92.",IUPAC periodic table,missing,"According to the periodic table, Uranium is a chemical element.",mock,deterministic-demo-v1,"ANSWER: 91
CONFIDENCE: 0.81",91,0.81,44.48,27,2026-09-15T22:54:35.081248+00:00,False,False,False,True,True,False,0.81
Q092,chemistry,moderate,What is the atomic number of Uranium?,92,"According to the periodic table, Uranium has atomic number 92.",IUPAC periodic table,irrelevant,"A triangle has three sides. The Pacific Ocean is Earth's largest ocean. Water freezes at 0 degrees Celsius at standard pressure. According to the periodic table, Uranium has atomic number 92.",mock,deterministic-demo-v1,"ANSWER: 92
CONFIDENCE: 0.75",92,0.75,21.13,27,2026-09-15T22:54:35.081347+00:00,False,True,True,False,False,False,0.25
Q092,chemistry,moderate,What is the atomic number of Uranium?,92,"According to the periodic table, Uranium has atomic number 92.",IUPAC periodic table,duplicate_noise,"### RECORD ### According to the periodic table, Uranium has atomic number 92. [duplicate] According to the periodic table, Uranium has atomic number 92. !!! metadata=null; checksum=unknown",mock,deterministic-demo-v1,"ANSWER: 92
CONFIDENCE: 0.68",92,0.68,55.44,27,2026-09-15T22:54:35.081400+00:00,False,True,True,False,False,False,0.31999999999999995
Q092,chemistry,moderate,What is the atomic number of Uranium?,92,"According to the periodic table, Uranium has atomic number 92.",IUPAC periodic table,contradictory,"Source A states: According to the periodic table, Uranium has atomic number 92. Source B states: Uranium has atomic number 95.",mock,deterministic-demo-v1,"ANSWER: 92
CONFIDENCE: 0.68",92,0.68,41.04,27,2026-09-15T22:54:35.081482+00:00,False,True,True,False,False,False,0.31999999999999995
Q092,chemistry,moderate,What is the atomic number of Uranium?,92,"According to the periodic table, Uranium has atomic number 92.",IUPAC periodic table,no_context,,mock,deterministic-demo-v1,"ANSWER: 92
CONFIDENCE: 0.82",92,0.82,42.4,27,2026-09-15T22:54:35.081539+00:00,False,True,False,True,True,False,0.18000000000000005
Q093,chemistry,moderate,What is the atomic number of Neptunium?,93,"According to the periodic table, Neptunium has atomic number 93.",IUPAC periodic table,clean,"According to the periodic table, Neptunium has atomic number 93.",mock,deterministic-demo-v1,"ANSWER: 93
CONFIDENCE: 0.91",93,0.91,23.11,27,2026-09-15T22:54:35.081715+00:00,False,True,True,False,False,False,0.08999999999999997
Q093,chemistry,moderate,What is the atomic number of Neptunium?,93,"According to the periodic table, Neptunium has atomic number 93.",IUPAC periodic table,missing,"According to the periodic table, Neptunium is a chemical element.",mock,deterministic-demo-v1,"ANSWER: Insufficient information.
CONFIDENCE: 0.78",Insufficient information.,0.78,19.74,50,2026-09-15T22:54:35.081775+00:00,True,False,False,False,False,True,0.78
Q093,chemistry,moderate,What is the atomic number of Neptunium?,93,"According to the periodic table, Neptunium has atomic number 93.",IUPAC periodic table,irrelevant,"A leap year normally has 366 days. The Moon is Earth's natural satellite. Water freezes at 0 degrees Celsius at standard pressure. According to the periodic table, Neptunium has atomic number 93.",mock,deterministic-demo-v1,"ANSWER: 93
CONFIDENCE: 0.73",93,0.73,38.69,27,2026-09-15T22:54:35.081836+00:00,False,True,True,False,False,False,0.27
Q093,chemistry,moderate,What is the atomic number of Neptunium?,93,"According to the periodic table, Neptunium has atomic number 93.",IUPAC periodic table,duplicate_noise,"### RECORD ### According to the periodic table, Neptunium has atomic number 93. [duplicate] According to the periodic table, Neptunium has atomic number 93. !!! metadata=null; checksum=unknown",mock,deterministic-demo-v1,"ANSWER: 93
CONFIDENCE: 0.82",93,0.82,23.87,27,2026-09-15T22:54:35.081889+00:00,False,True,True,False,False,False,0.18000000000000005
Q093,chemistry,moderate,What is the atomic number of Neptunium?,93,"According to the periodic table, Neptunium has atomic number 93.",IUPAC periodic table,contradictory,"Source A states: According to the periodic table, Neptunium has atomic number 93. Source B states: Neptunium has atomic number 90.",mock,deterministic-demo-v1,"ANSWER: 93
CONFIDENCE: 0.66",93,0.66,25.88,27,2026-09-15T22:54:35.081947+00:00,False,True,True,False,False,False,0.33999999999999997
Q093,chemistry,moderate,What is the atomic number of Neptunium?,93,"According to the periodic table, Neptunium has atomic number 93.",IUPAC periodic table,no_context,,mock,deterministic-demo-v1,"ANSWER: 93
CONFIDENCE: 0.84",93,0.84,27.61,27,2026-09-15T22:54:35.081999+00:00,False,True,False,True,True,False,0.16000000000000003
Q094,chemistry,moderate,What is the atomic number of Plutonium?,94,"According to the periodic table, Plutonium has atomic number 94.",IUPAC periodic table,clean,"According to the periodic table, Plutonium has atomic number 94.",mock,deterministic-demo-v1,"ANSWER: 94
CONFIDENCE: 0.92",94,0.92,29.95,27,2026-09-15T22:54:35.082204+00:00,False,True,True,False,False,False,0.07999999999999996
Q094,chemistry,moderate,What is the atomic number of Plutonium?,94,"According to the periodic table, Plutonium has atomic number 94.",IUPAC periodic table,missing,"According to the periodic table, Plutonium is a chemical element.",mock,deterministic-demo-v1,"ANSWER: Insufficient information.
CONFIDENCE: 0.80",Insufficient information.,0.8,24.89,50,2026-09-15T22:54:35.082265+00:00,True,False,False,False,False,True,0.8
Q094,chemistry,moderate,What is the atomic number of Plutonium?,94,"According to the periodic table, Plutonium has atomic number 94.",IUPAC periodic table,irrelevant,"Water freezes at 0 degrees Celsius at standard pressure. The Pacific Ocean is Earth's largest ocean. A triangle has three sides. According to the periodic table, Plutonium has atomic number 94.",mock,deterministic-demo-v1,"ANSWER: 94
CONFIDENCE: 0.71",94,0.71,15.32,27,2026-09-15T22:54:35.082327+00:00,False,True,True,False,False,False,0.29000000000000004
Q094,chemistry,moderate,What is the atomic number of Plutonium?,94,"According to the periodic table, Plutonium has atomic number 94.",IUPAC periodic table,duplicate_noise,"### RECORD ### According to the periodic table, Plutonium has atomic number 94. [duplicate] According to the periodic table, Plutonium has atomic number 94. !!! metadata=null; checksum=unknown",mock,deterministic-demo-v1,"ANSWER: 94
CONFIDENCE: 0.69",94,0.69,44.24,27,2026-09-15T22:54:35.082380+00:00,False,True,True,False,False,False,0.31000000000000005
Q094,chemistry,moderate,What is the atomic number of Plutonium?,94,"According to the periodic table, Plutonium has atomic number 94.",IUPAC periodic table,contradictory,"Source A states: According to the periodic table, Plutonium has atomic number 94. Source B states: Plutonium has atomic number 93.",mock,deterministic-demo-v1,"ANSWER: 94
CONFIDENCE: 0.78",94,0.78,18.51,27,2026-09-15T22:54:35.082438+00:00,False,True,True,False,False,False,0.21999999999999997
Q094,chemistry,moderate,What is the atomic number of Plutonium?,94,"According to the periodic table, Plutonium has atomic number 94.",IUPAC periodic table,no_context,,mock,deterministic-demo-v1,"ANSWER: 91
CONFIDENCE: 0.88",91,0.88,56.06,27,2026-09-15T22:54:35.082494+00:00,False,False,False,True,True,False,0.88
Q095,chemistry,moderate,What is the atomic number of Americium?,95,"According to the periodic table, Americium has atomic number 95.",IUPAC periodic table,clean,"According to the periodic table, Americium has atomic number 95.",mock,deterministic-demo-v1,"ANSWER: 95
CONFIDENCE: 0.87",95,0.87,39.66,27,2026-09-15T22:54:35.082621+00:00,False,True,True,False,False,False,0.13
Q095,chemistry,moderate,What is the atomic number of Americium?,95,"According to the periodic table, Americium has atomic number 95.",IUPAC periodic table,missing,"According to the periodic table, Americium is a chemical element.",mock,deterministic-demo-v1,"ANSWER: 94
CONFIDENCE: 0.91",94,0.91,28.61,27,2026-09-15T22:54:35.082681+00:00,False,False,False,True,True,False,0.91
Q095,chemistry,moderate,What is the atomic number of Americium?,95,"According to the periodic table, Americium has atomic number 95.",IUPAC periodic table,irrelevant,"The Pacific Ocean is Earth's largest ocean. The Moon is Earth's natural satellite. A leap year normally has 366 days. According to the periodic table, Americium has atomic number 95.",mock,deterministic-demo-v1,"ANSWER: 94
CONFIDENCE: 0.89",94,0.89,58.19,27,2026-09-15T22:54:35.082783+00:00,False,False,True,False,True,False,0.89
Q095,chemistry,moderate,What is the atomic number of Americium?,95,"According to the periodic table, Americium has atomic number 95.",IUPAC periodic table,duplicate_noise,"### RECORD ### According to the periodic table, Americium has atomic number 95. [duplicate] According to the periodic table, Americium has atomic number 95. !!! metadata=null; checksum=unknown",mock,deterministic-demo-v1,"ANSWER: 93
CONFIDENCE: 0.71",93,0.71,66.42,27,2026-09-15T22:54:35.082846+00:00,False,False,True,False,True,False,0.71
Q095,chemistry,moderate,What is the atomic number of Americium?,95,"According to the periodic table, Americium has atomic number 95.",IUPAC periodic table,contradictory,"Source A states: According to the periodic table, Americium has atomic number 95. Source B states: Americium has atomic number 92.",mock,deterministic-demo-v1,"ANSWER: 95
CONFIDENCE: 0.70",95,0.7,58.23,27,2026-09-15T22:54:35.082933+00:00,False,True,True,False,False,False,0.30000000000000004
Q095,chemistry,moderate,What is the atomic number of Americium?,95,"According to the periodic table, Americium has atomic number 95.",IUPAC periodic table,no_context,,mock,deterministic-demo-v1,"ANSWER: 95
CONFIDENCE: 0.70",95,0.7,41.34,27,2026-09-15T22:54:35.082987+00:00,False,True,False,True,True,False,0.30000000000000004
Q096,chemistry,moderate,What is the atomic number of Curium?,96,"According to the periodic table, Curium has atomic number 96.",IUPAC periodic table,clean,"According to the periodic table, Curium has atomic number 96.",mock,deterministic-demo-v1,"ANSWER: 96
CONFIDENCE: 0.97",96,0.97,57.27,27,2026-09-15T22:54:35.083184+00:00,False,True,True,False,False,False,0.030000000000000027
Q096,chemistry,moderate,What is the atomic number of Curium?,96,"According to the periodic table, Curium has atomic number 96.",IUPAC periodic table,missing,"According to the periodic table, Curium is a chemical element.",mock,deterministic-demo-v1,"ANSWER: 96
CONFIDENCE: 0.79",96,0.79,49.62,27,2026-09-15T22:54:35.083250+00:00,False,True,False,True,True,False,0.20999999999999996
Q096,chemistry,moderate,What is the atomic number of Curium?,96,"According to the periodic table, Curium has atomic number 96.",IUPAC periodic table,irrelevant,"A triangle has three sides. The Moon is Earth's natural satellite. Water freezes at 0 degrees Celsius at standard pressure. According to the periodic table, Curium has atomic number 96.",mock,deterministic-demo-v1,"ANSWER: 96
CONFIDENCE: 0.69",96,0.69,17.99,27,2026-09-15T22:54:35.083311+00:00,False,True,True,False,False,False,0.31000000000000005
Q096,chemistry,moderate,What is the atomic number of Curium?,96,"According to the periodic table, Curium has atomic number 96.",IUPAC periodic table,duplicate_noise,"### RECORD ### According to the periodic table, Curium has atomic number 96. [duplicate] According to the periodic table, Curium has atomic number 96. !!! metadata=null; checksum=unknown",mock,deterministic-demo-v1,"ANSWER: 96
CONFIDENCE: 0.73",96,0.73,34.22,27,2026-09-15T22:54:35.083364+00:00,False,True,True,False,False,False,0.27
Q096,chemistry,moderate,What is the atomic number of Curium?,96,"According to the periodic table, Curium has atomic number 96.",IUPAC periodic table,contradictory,"Source A states: According to the periodic table, Curium has atomic number 96. Source B states: Curium has atomic number 97.",mock,deterministic-demo-v1,"ANSWER: 97
CONFIDENCE: 0.77",97,0.77,78.11,27,2026-09-15T22:54:35.083423+00:00,False,False,True,False,True,False,0.77
Q096,chemistry,moderate,What is the atomic number of Curium?,96,"According to the periodic table, Curium has atomic number 96.",IUPAC periodic table,no_context,,mock,deterministic-demo-v1,"ANSWER: 97
CONFIDENCE: 0.88",97,0.88,60.13,27,2026-09-15T22:54:35.083539+00:00,False,False,False,True,True,False,0.88
Q097,chemistry,moderate,What is the atomic number of Berkelium?,97,"According to the periodic table, Berkelium has atomic number 97.",IUPAC periodic table,clean,"According to the periodic table, Berkelium has atomic number 97.",mock,deterministic-demo-v1,"ANSWER: 97
CONFIDENCE: 0.91",97,0.91,46.45,27,2026-09-15T22:54:35.083686+00:00,False,True,True,False,False,False,0.08999999999999997
Q097,chemistry,moderate,What is the atomic number of Berkelium?,97,"According to the periodic table, Berkelium has atomic number 97.",IUPAC periodic table,missing,"According to the periodic table, Berkelium is a chemical element.",mock,deterministic-demo-v1,"ANSWER: Insufficient information.
CONFIDENCE: 0.83",Insufficient information.,0.83,70.87,50,2026-09-15T22:54:35.083746+00:00,True,False,False,False,False,True,0.83
Q097,chemistry,moderate,What is the atomic number of Berkelium?,97,"According to the periodic table, Berkelium has atomic number 97.",IUPAC periodic table,irrelevant,"The Moon is Earth's natural satellite. The Pacific Ocean is Earth's largest ocean. Water freezes at 0 degrees Celsius at standard pressure. According to the periodic table, Berkelium has atomic number 97.",mock,deterministic-demo-v1,"ANSWER: 97
CONFIDENCE: 0.66",97,0.66,30.39,27,2026-09-15T22:54:35.083847+00:00,False,True,True,False,False,False,0.33999999999999997
Q097,chemistry,moderate,What is the atomic number of Berkelium?,97,"According to the periodic table, Berkelium has atomic number 97.",IUPAC periodic table,duplicate_noise,"### RECORD ### According to the periodic table, Berkelium has atomic number 97. [duplicate] According to the periodic table, Berkelium has atomic number 97. !!! metadata=null; checksum=unknown",mock,deterministic-demo-v1,"ANSWER: 97
CONFIDENCE: 0.88",97,0.88,37.01,27,2026-09-15T22:54:35.083901+00:00,False,True,True,False,False,False,0.12
Q097,chemistry,moderate,What is the atomic number of Berkelium?,97,"According to the periodic table, Berkelium has atomic number 97.",IUPAC periodic table,contradictory,"Source A states: According to the periodic table, Berkelium has atomic number 97. Source B states: Berkelium has atomic number 96.",mock,deterministic-demo-v1,"ANSWER: 94
CONFIDENCE: 0.89",94,0.89,74.3,27,2026-09-15T22:54:35.083961+00:00,False,False,True,False,True,False,0.89
Q097,chemistry,moderate,What is the atomic number of Berkelium?,97,"According to the periodic table, Berkelium has atomic number 97.",IUPAC periodic table,no_context,,mock,deterministic-demo-v1,"ANSWER: Insufficient information.
CONFIDENCE: 0.62",Insufficient information.,0.62,69.64,50,2026-09-15T22:54:35.084015+00:00,True,False,False,False,False,True,0.62
Q098,chemistry,moderate,What is the atomic number of Californium?,98,"According to the periodic table, Californium has atomic number 98.",IUPAC periodic table,clean,"According to the periodic table, Californium has atomic number 98.",mock,deterministic-demo-v1,"ANSWER: 98
CONFIDENCE: 0.88",98,0.88,70.73,27,2026-09-15T22:54:35.084228+00:00,False,True,True,False,False,False,0.12
Q098,chemistry,moderate,What is the atomic number of Californium?,98,"According to the periodic table, Californium has atomic number 98.",IUPAC periodic table,missing,"According to the periodic table, Californium is a chemical element.",mock,deterministic-demo-v1,"ANSWER: Insufficient information.
CONFIDENCE: 0.77",Insufficient information.,0.77,43.89,50,2026-09-15T22:54:35.084291+00:00,True,False,False,False,False,True,0.77
Q098,chemistry,moderate,What is the atomic number of Californium?,98,"According to the periodic table, Californium has atomic number 98.",IUPAC periodic table,irrelevant,"A leap year normally has 366 days. The Pacific Ocean is Earth's largest ocean. The Moon is Earth's natural satellite. According to the periodic table, Californium has atomic number 98.",mock,deterministic-demo-v1,"ANSWER: 98
CONFIDENCE: 0.78",98,0.78,56.01,27,2026-09-15T22:54:35.084353+00:00,False,True,True,False,False,False,0.21999999999999997
Q098,chemistry,moderate,What is the atomic number of Californium?,98,"According to the periodic table, Californium has atomic number 98.",IUPAC periodic table,duplicate_noise,"### RECORD ### According to the periodic table, Californium has atomic number 98. [duplicate] According to the periodic table, Californium has atomic number 98. !!! metadata=null; checksum=unknown",mock,deterministic-demo-v1,"ANSWER: 98
CONFIDENCE: 0.84",98,0.84,38.23,27,2026-09-15T22:54:35.084407+00:00,False,True,True,False,False,False,0.16000000000000003
Q098,chemistry,moderate,What is the atomic number of Californium?,98,"According to the periodic table, Californium has atomic number 98.",IUPAC periodic table,contradictory,"Source A states: According to the periodic table, Californium has atomic number 98. Source B states: Californium has atomic number 97.",mock,deterministic-demo-v1,"ANSWER: 98
CONFIDENCE: 0.87",98,0.87,50.57,27,2026-09-15T22:54:35.084464+00:00,False,True,True,False,False,False,0.13
Q098,chemistry,moderate,What is the atomic number of Californium?,98,"According to the periodic table, Californium has atomic number 98.",IUPAC periodic table,no_context,,mock,deterministic-demo-v1,"ANSWER: 98
CONFIDENCE: 0.70",98,0.7,54.37,27,2026-09-15T22:54:35.084516+00:00,False,True,False,True,True,False,0.30000000000000004
Q099,chemistry,moderate,What is the atomic number of Einsteinium?,99,"According to the periodic table, Einsteinium has atomic number 99.",IUPAC periodic table,clean,"According to the periodic table, Einsteinium has atomic number 99.",mock,deterministic-demo-v1,"ANSWER: 99
CONFIDENCE: 0.89",99,0.89,20.22,27,2026-09-15T22:54:35.084696+00:00,False,True,True,False,False,False,0.10999999999999999
Q099,chemistry,moderate,What is the atomic number of Einsteinium?,99,"According to the periodic table, Einsteinium has atomic number 99.",IUPAC periodic table,missing,"According to the periodic table, Einsteinium is a chemical element.",mock,deterministic-demo-v1,"ANSWER: Insufficient information.
CONFIDENCE: 0.84",Insufficient information.,0.84,35.84,50,2026-09-15T22:54:35.084759+00:00,True,False,False,False,False,True,0.84
Q099,chemistry,moderate,What is the atomic number of Einsteinium?,99,"According to the periodic table, Einsteinium has atomic number 99.",IUPAC periodic table,irrelevant,"The Pacific Ocean is Earth's largest ocean. The Moon is Earth's natural satellite. A triangle has three sides. According to the periodic table, Einsteinium has atomic number 99.",mock,deterministic-demo-v1,"ANSWER: 99
CONFIDENCE: 0.89",99,0.89,74.88,27,2026-09-15T22:54:35.084819+00:00,False,True,True,False,False,False,0.10999999999999999
Q099,chemistry,moderate,What is the atomic number of Einsteinium?,99,"According to the periodic table, Einsteinium has atomic number 99.",IUPAC periodic table,duplicate_noise,"### RECORD ### According to the periodic table, Einsteinium has atomic number 99. [duplicate] According to the periodic table, Einsteinium has atomic number 99. !!! metadata=null; checksum=unknown",mock,deterministic-demo-v1,"ANSWER: 99
CONFIDENCE: 0.66",99,0.66,40.63,27,2026-09-15T22:54:35.084873+00:00,False,True,True,False,False,False,0.33999999999999997
Q099,chemistry,moderate,What is the atomic number of Einsteinium?,99,"According to the periodic table, Einsteinium has atomic number 99.",IUPAC periodic table,contradictory,"Source A states: According to the periodic table, Einsteinium has atomic number 99. Source B states: Einsteinium has atomic number 96.",mock,deterministic-demo-v1,"ANSWER: 99
CONFIDENCE: 0.72",99,0.72,63.4,27,2026-09-15T22:54:35.084930+00:00,False,True,True,False,False,False,0.28
Q099,chemistry,moderate,What is the atomic number of Einsteinium?,99,"According to the periodic table, Einsteinium has atomic number 99.",IUPAC periodic table,no_context,,mock,deterministic-demo-v1,"ANSWER: 99
CONFIDENCE: 0.73",99,0.73,29.15,27,2026-09-15T22:54:35.084985+00:00,False,True,False,True,True,False,0.27
Q100,chemistry,moderate,What is the atomic number of Fermium?,100,"According to the periodic table, Fermium has atomic number 100.",IUPAC periodic table,clean,"According to the periodic table, Fermium has atomic number 100.",mock,deterministic-demo-v1,"ANSWER: 99
CONFIDENCE: 0.77",99,0.77,68.33,27,2026-09-15T22:54:35.085145+00:00,False,False,True,False,True,False,0.77
Q100,chemistry,moderate,What is the atomic number of Fermium?,100,"According to the periodic table, Fermium has atomic number 100.",IUPAC periodic table,missing,"According to the periodic table, Fermium is a chemical element.",mock,deterministic-demo-v1,"ANSWER: Insufficient information.
CONFIDENCE: 0.83",Insufficient information.,0.83,27.18,50,2026-09-15T22:54:35.085211+00:00,True,False,False,False,False,True,0.83
Q100,chemistry,moderate,What is the atomic number of Fermium?,100,"According to the periodic table, Fermium has atomic number 100.",IUPAC periodic table,irrelevant,"The Pacific Ocean is Earth's largest ocean. A leap year normally has 366 days. The Moon is Earth's natural satellite. According to the periodic table, Fermium has atomic number 100.",mock,deterministic-demo-v1,"ANSWER: 100
CONFIDENCE: 0.77",100,0.77,61.48,28,2026-09-15T22:54:35.085272+00:00,False,True,True,False,False,False,0.22999999999999998
Q100,chemistry,moderate,What is the atomic number of Fermium?,100,"According to the periodic table, Fermium has atomic number 100.",IUPAC periodic table,duplicate_noise,"### RECORD ### According to the periodic table, Fermium has atomic number 100. [duplicate] According to the periodic table, Fermium has atomic number 100. !!! metadata=null; checksum=unknown",mock,deterministic-demo-v1,"ANSWER: 100
CONFIDENCE: 0.76",100,0.76,64.08,28,2026-09-15T22:54:35.085324+00:00,False,True,True,False,False,False,0.24
Q100,chemistry,moderate,What is the atomic number of Fermium?,100,"According to the periodic table, Fermium has atomic number 100.",IUPAC periodic table,contradictory,"Source A states: According to the periodic table, Fermium has atomic number 100. Source B states: Fermium has atomic number 101.",mock,deterministic-demo-v1,"ANSWER: 97
CONFIDENCE: 0.83",97,0.83,39.11,27,2026-09-15T22:54:35.085425+00:00,False,False,True,False,True,False,0.83
Q100,chemistry,moderate,What is the atomic number of Fermium?,100,"According to the periodic table, Fermium has atomic number 100.",IUPAC periodic table,no_context,,mock,deterministic-demo-v1,"ANSWER: 101
CONFIDENCE: 0.80",101,0.8,48.62,28,2026-09-15T22:54:35.085480+00:00,False,False,False,True,True,False,0.8
